Studiengang;Beruf_1;Beruf_2;Beruf_3;Beruf_4;Beruf_5;Investigative;Artistic;Social;Enterprising;Conventional;Openness;Conscientiousness;Extraversion;Agreeableness;Neuroticism;Berufsfelder TOP3;Einstieg spanne;Einstiegsgehalt;Gehalt nach 5 Jahren;Arbeitsmarktbedarf;NC
Allgemeiner Maschinenbau (KIA);Konstrukteur/in (Allg. Maschinenbau);Entwicklungsingenieur/in;Fertigungsingenieur/in;Vertriebsingenieur/in (Maschinen);Projektmanager/in Technik;Sehr stark;Teils;Wenig;Teils;Stark;Stark;Sehr stark;Wenig;Teils;Wenig;Softwareentwicklung – IT-Consulting – Systemadministration;52.000–65.000 €;58000;75000;sehr hoch;zulassungsfrei
Angewandte Biologie fÃ¼r Medizin und Pharmazie;Biomedizinische/r Laborant/in;Pharmatechnologe/-technologin (Produktion);QualitÃ¤tsmanager/in Pharma;Klinische/r Monitor (Studien);Forschungsbiologe/in (medizinisch);Sehr stark;Wenig;Teils;Teils;Stark;Sehr stark;Sehr stark;Wenig;Teils;Wenig;Controlling – Marketing – Unternehmensberatung;38.000–50.000 €;44000;60000;mittel;2,3
Angewandte Geographie;Stadt- und Raumplaner/in;Geomarketing-Analyst/in;Geographische/r Informationssystem-Manager/in;Umweltberater/in (Raumplanung);Projektmanager/in Regionalentwicklung;Sehr stark;Wenig;Teils;Teils;Stark;Sehr stark;Sehr stark;Wenig;Teils;Wenig;Controlling – Marketing – Unternehmensberatung;38.000–50.000 €;44000;60000;mittel;2,3
Angewandte Geowissenschaften;Geologe/Geowissenschaftler (Erkundung);Hydrologe/in;Bodenschutz-Experte/in;Explorationsgeologe/in (Rohstoffe);Umweltberater/in (Georisiken);Sehr stark;Wenig;Teils;Teils;Stark;Sehr stark;Sehr stark;Wenig;Teils;Wenig;Controlling – Marketing – Unternehmensberatung;38.000–50.000 €;44000;60000;mittel;2,3
Angewandte Informatik;Softwareentwickler/in;IT-Consultant;Netzwerkadministrator/in;Datenbankentwickler/in;IT-Projektmanager/in;Sehr stark;Teils;Wenig;Teils;Stark;Stark;Sehr stark;Wenig;Teils;Wenig;Softwareentwicklung – IT-Consulting – Systemadministration;55.000–70.000 €;60000;80000;sehr hoch;zulassungsfrei
Angewandte Informatik - Ingenieur- oder Medieninformatik;Softwareentwickler/in;IT-Consultant;Systemadministrator/in;Medieninformatiker/in (UX/UI);IT-Projektmanager/in;Sehr stark;Teils;Wenig;Teils;Stark;Stark;Sehr stark;Wenig;Teils;Wenig;Softwareentwicklung – IT-Consulting – Systemadministration;35.000–48.000 €;40000;55000;sehr hoch;zulassungsfrei
Angewandte Psychologie (Wirtschaftspsychologie);Personalreferent/in;Personal- und Organisationsentwickler/in;Personalberater/in (Consultant);Marktforscher/in;Headhunter/in (Recruiter);Teils;Wenig;Teils;Sehr stark;Stark;Teils;Sehr stark;Stark;Teils;Wenig;Klinische Psychologie – Arbeitspsychologie – Forschung;40.000–52.000 €;45000;60000;mittel-hoch;1,3
Angewandte Sportwissenschaft;Wissenschaftliche/r Mitarbeiter/in (Sportwissenschaft);Sporttrainer/in;Personal Trainer/in;Coach/Berater/in im Gesundheitswesen;Sporttherapeut/in;Stark;Wenig;Sehr stark;Teils;Wenig;Teils;Stark;Stark;Sehr stark;Wenig;Sportpädagogik – Gesundheitsförderung – Rehabilitationssport;34.000–42.000 €;38000;50000;mittel-hoch;2,2
Angewandte Sportwissenschaft (Schwerpunkt Leistungssport);Wissenschaftliche/r Mitarbeiter/in (Sportwissenschaft);Sporttrainer/in;Personal Trainer/in;Coach/Berater/in im Gesundheitswesen;Sporttherapeut/in;Stark;Wenig;Sehr stark;Teils;Wenig;Teils;Stark;Stark;Sehr stark;Wenig;Sportpädagogik – Gesundheitsförderung – Rehabilitationssport;34.000–42.000 €;38000;50000;mittel-hoch;2,2
Angewandte Sportwissenschaft (Schwerpunkt Spitzensport und Training);Wissenschaftliche/r Mitarbeiter/in (Sportwissenschaft);Sporttrainer/in;Personal Trainer/in;Coach/Berater/in im Gesundheitswesen;Sporttherapeut/in;Stark;Wenig;Sehr stark;Teils;Wenig;Teils;Stark;Stark;Sehr stark;Wenig;Sportpädagogik – Gesundheitsförderung – Rehabilitationssport;55.000–70.000 €;60000;80000;mittel-hoch;2,2
Angewandte Sportwissenschaft, Schwerpunkt Leistungssport;Wissenschaftliche/r Mitarbeiter/in (Sportwissenschaft);Sporttrainer/in;Personal Trainer/in;Coach/Berater/in im Gesundheitswesen;Sporttherapeut/in;Stark;Wenig;Sehr stark;Teils;Wenig;Teils;Stark;Stark;Sehr stark;Wenig;Sportpädagogik – Gesundheitsförderung – Rehabilitationssport;34.000–42.000 €;38000;50000;mittel-hoch;2,2
Angewandte Sportwissenschaften;Wissenschaftliche/r Mitarbeiter/in (Sportwissenschaft);Sporttrainer/in;Personal Trainer/in;Coach/Berater/in im Gesundheitswesen;Sporttherapeut/in;Stark;Wenig;Sehr stark;Teils;Wenig;Teils;Stark;Stark;Sehr stark;Wenig;Sportpädagogik – Gesundheitsförderung – Rehabilitationssport;34.000–42.000 €;38000;50000;mittel-hoch;2,2
Angewandte Sportwissenschaften mit Schwerpunkt Training und Gesundheit;Wissenschaftliche/r Mitarbeiter/in (Sportwissenschaft);Sporttrainer/in;Personal Trainer/in;Coach/Berater/in im Gesundheitswesen;Sporttherapeut/in;Stark;Wenig;Sehr stark;Teils;Wenig;Teils;Stark;Stark;Sehr stark;Wenig;Sportpädagogik – Gesundheitsförderung – Rehabilitationssport;55.000–70.000 €;60000;80000;mittel-hoch;2,2
Angewandte Umweltinformatik und Erdbeobachtung;Geoinformatiker/in (Umweltmonitoring);Fernerkundungs-Analyst/in;Datenbankentwickler/in (Umweltdaten);IT-Projektleiter/in (Umweltsektor);Klimadaten-Analyst/in;Sehr stark;Teils;Wenig;Teils;Stark;Stark;Sehr stark;Wenig;Teils;Wenig;Softwareentwicklung – IT-Consulting – Systemadministration;55.000–70.000 €;60000;80000;sehr hoch;zulassungsfrei
Arbeits- und Organisationspsychologie;Personalreferent/in;Personal- und Organisationsentwickler/in;Personalberater/in (Consultant);Marktforscher/in;Headhunter/in (Recruiter);Stark;Wenig;Stark;Teils;Teils;Stark;Stark;Stark;Sehr stark;Wenig;Softwareentwicklung – IT-Consulting – Systemadministration;40.000–52.000 €;45000;60000;sehr hoch;zulassungsfrei
Artificial Intelligence;Data Scientist;KI-Engineer (AI-Engineer);Machine-Learning-Spezialist/in;Softwareentwickler/in KI;AI-Consultant (Berater/in KI);Sehr stark;Teils;Wenig;Teils;Stark;Stark;Sehr stark;Wenig;Teils;Wenig;Controlling – Marketing – Unternehmensberatung;38.000–50.000 €;44000;60000;mittel;2,3
Artificial Intelligence;Data Scientist;KI-Engineer (AI-Engineer);Machine-Learning-Spezialist/in;Softwareentwickler/in KI;AI-Consultant (Berater/in KI);Sehr stark;Teils;Wenig;Teils;Stark;Stark;Sehr stark;Wenig;Teils;Wenig;Controlling – Marketing – Unternehmensberatung;38.000–50.000 €;44000;60000;mittel;2,3
Artificial Intelligence (M.Sc.);Data Scientist;KI-Engineer (AI-Engineer);Machine-Learning-Spezialist/in;Softwareentwickler/in KI;AI-Consultant (Berater/in KI);Sehr stark;Teils;Wenig;Teils;Stark;Stark;Sehr stark;Wenig;Teils;Wenig;Controlling – Marketing – Unternehmensberatung;38.000–50.000 €;44000;60000;mittel;2,3
Automotive Engineering;Entwicklungsingenieur/in (Fahrzeugtechnik);Fahrzeugdiagnose-Ingenieur/in;Versuchsingenieur/in Automotive;Produktionsplaner/in Automotive;QualitÃ¤tsingenieur/in (Automotive);Stark;Wenig;Wenig;Teils;Teils;Stark;Sehr stark;Wenig;Teils;Wenig;Controlling – Marketing – Unternehmensberatung;38.000–50.000 €;44000;60000;mittel;2,3
Automotive Engineering (M.Eng.);Entwicklungsingenieur/in (Fahrzeugtechnik);Fahrzeugdiagnose-Ingenieur/in;Versuchsingenieur/in Automotive;Produktionsplaner/in Automotive;QualitÃ¤tsingenieur/in (Automotive);Stark;Wenig;Wenig;Teils;Teils;Stark;Sehr stark;Wenig;Teils;Wenig;Controlling – Marketing – Unternehmensberatung;38.000–50.000 €;44000;60000;mittel;2,3
Bahningeneurwesen;Verkehrsingenieur/in (Schienenverkehr);Projektleiter/in Schienen-Infrastruktur;Bahntechnik-Ingenieur/in;Sicherheitsingenieur/in (Bahn);Signal- und Leittechnik-Experte/in;Stark;Wenig;Wenig;Teils;Teils;Stark;Sehr stark;Wenig;Teils;Wenig;Controlling – Marketing – Unternehmensberatung;38.000–50.000 €;44000;60000;mittel;2,3
Bahningenieurwesen - Bachelor of Engineering;Verkehrsingenieur/in (Schienenverkehr);Projektleiter/in Schienen-Infrastruktur;Bahntechnik-Ingenieur/in;Sicherheitsingenieur/in (Bahn);Signal- und Leittechnik-Experte/in;Stark;Wenig;Wenig;Teils;Teils;Stark;Sehr stark;Wenig;Teils;Wenig;Konstruktion – Produktion – Technische Entwicklung;52.000–65.000 €;58000;75000;hoch;2,3
Bahningenieurwesen - Eisenbahnwesen;Verkehrsingenieur/in (Schienenverkehr);Projektleiter/in Schienen-Infrastruktur;Bahntechnik-Ingenieur/in;Sicherheitsingenieur/in (Bahn);Signal- und Leittechnik-Experte/in;Stark;Wenig;Wenig;Teils;Teils;Stark;Sehr stark;Wenig;Teils;Wenig;Konstruktion – Produktion – Technische Entwicklung;52.000–65.000 €;58000;75000;hoch;2,3
Bahningenieurwesen â€“ MobilitÃ¤t und Logistik;Verkehrsingenieur/in (Schienenverkehr);Logistikmanager/in (Bahnsektor);Bahntechnik-Ingenieur/in;MobilitÃ¤tsberater/in (Ã–PNV);Projektmanager/in Bahninfrastruktur;Teils;Wenig;Teils;Sehr stark;Stark;Teils;Sehr stark;Stark;Teils;Wenig;Softwareentwicklung – IT-Consulting – Systemadministration;52.000–65.000 €;58000;75000;sehr hoch;zulassungsfrei
Bahningenieurwesen/ Railway Engineering;Verkehrsingenieur/in (Schienenverkehr);Projektleiter/in Schienen-Infrastruktur;Bahntechnik-Ingenieur/in;Sicherheitsingenieur/in (Bahn);Signal- und Leittechnik-Experte/in;Stark;Wenig;Wenig;Teils;Teils;Stark;Sehr stark;Wenig;Teils;Wenig;Softwareentwicklung – IT-Consulting – Systemadministration;52.000–65.000 €;58000;75000;sehr hoch;zulassungsfrei
Bahnsysteme (B.Eng.);Verkehrsingenieur/in (Schienenverkehr);Projektleiter/in Schienen-Infrastruktur;Bahntechnik-Ingenieur/in;Sicherheitsingenieur/in (Bahn);Signal- und Leittechnik-Experte/in;Stark;Wenig;Wenig;Teils;Teils;Stark;Sehr stark;Wenig;Teils;Wenig;Controlling – Marketing – Unternehmensberatung;38.000–50.000 €;44000;60000;mittel;2,3
Bahnsystemingenieurwesen;Verkehrsingenieur/in (Schienenverkehr);Projektleiter/in Schienen-Infrastruktur;Bahntechnik-Ingenieur/in;Sicherheitsingenieur/in (Bahn);Signal- und Leittechnik-Experte/in;Stark;Wenig;Wenig;Teils;Teils;Stark;Sehr stark;Wenig;Teils;Wenig;Konstruktion – Produktion – Technische Entwicklung;52.000–65.000 €;58000;75000;hoch;2,3
Barrierefreie Systeme;Softwareentwickler/in (Assistenzsysteme);UX-Designer/in (barrierefreie Anwendungen);Reha-Technik Entwickler/in;IT-Consultant (Accessibility);Projektmanager/in Inklusionstechnologien;Sehr stark;Teils;Wenig;Teils;Stark;Stark;Sehr stark;Wenig;Teils;Wenig;Controlling – Marketing – Unternehmensberatung;38.000–50.000 €;44000;60000;mittel;2,3
Betriebswirtschaft;Unternehmensberater/in;Controller/in;IT-Consultant;Projektmanager/in;Marketing Manager/in;Teils;Wenig;Teils;Sehr stark;Stark;Teils;Sehr stark;Stark;Teils;Wenig;Controlling – Marketing – Unternehmensberatung;45.000–60.000 €;50000;70000;mittel;2,3
Betriebswirtschaftslehre;Unternehmensberater/in;Controller/in;IT-Consultant;Projektmanager/in;Marketing Manager/in;Teils;Wenig;Teils;Sehr stark;Stark;Teils;Sehr stark;Stark;Teils;Wenig;Controlling – Marketing – Unternehmensberatung;45.000–60.000 €;50000;70000;mittel;2,3
Betriebswirtschaftslehre - Business Administration;Unternehmensberater/in;Controller/in;IT-Consultant;Projektmanager/in;Marketing Manager/in;Teils;Wenig;Teils;Sehr stark;Stark;Teils;Sehr stark;Stark;Teils;Wenig;Controlling – Marketing – Unternehmensberatung;45.000–60.000 €;50000;70000;mittel;2,3
Betriebswirtschaftslehre - Finanzmanagement;Unternehmensberater/in;Controller/in;IT-Consultant;Projektmanager/in;Marketing Manager/in;Teils;Wenig;Teils;Sehr stark;Stark;Teils;Sehr stark;Stark;Teils;Wenig;Controlling – Marketing – Unternehmensberatung;45.000–60.000 €;50000;70000;mittel;2,3
Betriebswirtschaftslehre - Internationales Management;Unternehmensberater/in;Controller/in;IT-Consultant;Projektmanager/in;Marketing Manager/in;Teils;Wenig;Teils;Sehr stark;Stark;Teils;Sehr stark;Stark;Teils;Wenig;Controlling – Marketing – Unternehmensberatung;45.000–60.000 €;50000;70000;mittel;2,3
Betriebswirtschaftslehre (B.A.);Unternehmensberater/in;Controller/in;IT-Consultant;Projektmanager/in;Marketing Manager/in;Teils;Wenig;Teils;Sehr stark;Stark;Teils;Sehr stark;Stark;Teils;Wenig;Controlling – Marketing – Unternehmensberatung;45.000–60.000 €;50000;70000;mittel;2,3
Betriebswirtschaftslehre (Fernstudium);Unternehmensberater/in;Controller/in;IT-Consultant;Projektmanager/in;Marketing Manager/in;Teils;Wenig;Teils;Sehr stark;Stark;Teils;Sehr stark;Stark;Teils;Wenig;Controlling – Marketing – Unternehmensberatung;45.000–60.000 €;50000;70000;mittel;2,3
Betriebswirtschaftslehre (Stipendium);Unternehmensberater/in;Controller/in;IT-Consultant;Projektmanager/in;Marketing Manager/in;Teils;Wenig;Teils;Sehr stark;Stark;Teils;Sehr stark;Stark;Teils;Wenig;Controlling – Marketing – Unternehmensberatung;45.000–60.000 €;50000;70000;mittel;2,3
Betriebswirtschaftslehre (Wirtschaft neu denken);Unternehmensberater/in;Controller/in;IT-Consultant;Projektmanager/in;Marketing Manager/in;Teils;Wenig;Teils;Sehr stark;Stark;Teils;Sehr stark;Stark;Teils;Wenig;Controlling – Marketing – Unternehmensberatung;45.000–60.000 €;50000;70000;mittel;2,3
Betriebswirtschaftslehre, International Business;Unternehmensberater/in;Controller/in;IT-Consultant;Projektmanager/in;Marketing Manager/in;Teils;Wenig;Teils;Sehr stark;Stark;Teils;Sehr stark;Stark;Teils;Wenig;Controlling – Marketing – Unternehmensberatung;45.000–60.000 €;50000;70000;mittel;2,3
Betriebswirtschaftslehre, International Business;Unternehmensberater/in;Controller/in;IT-Consultant;Projektmanager/in;Marketing Manager/in;Teils;Wenig;Teils;Sehr stark;Stark;Teils;Sehr stark;Stark;Teils;Wenig;Controlling – Marketing – Unternehmensberatung;45.000–60.000 €;50000;70000;mittel;2,3
Betriebswirtschaftslehre, International Business (B.A.);Unternehmensberater/in;Controller/in;IT-Consultant;Projektmanager/in;Marketing Manager/in;Teils;Wenig;Teils;Sehr stark;Stark;Teils;Sehr stark;Stark;Teils;Wenig;Controlling – Marketing – Unternehmensberatung;45.000–60.000 €;50000;70000;mittel;2,3
Betriebswirtschaftslehre-Digital Business Management;Unternehmensberater/in;Controller/in;IT-Consultant;Projektmanager/in;Marketing Manager/in;Teils;Wenig;Teils;Sehr stark;Stark;Teils;Sehr stark;Stark;Teils;Wenig;Softwareentwicklung – IT-Consulting – Systemadministration;45.000–60.000 €;50000;70000;sehr hoch;zulassungsfrei
Bewegungs- und Sportwissenschaft;Wissenschaftliche/r Mitarbeiter/in (Sportwissenschaft);Sporttrainer/in;Personal Trainer/in;Coach/Berater/in im Gesundheitswesen;Sporttherapeut/in;Stark;Wenig;Sehr stark;Teils;Wenig;Teils;Stark;Stark;Sehr stark;Wenig;Sportpädagogik – Gesundheitsförderung – Rehabilitationssport;34.000–42.000 €;38000;50000;mittel-hoch;2,2
Bio- und Umwelttechnik;Umwelttechnologe/-technologin;Biotechnologe/-technologin;Verfahrensingenieur/in (Umwelt);Laboringenieur/in (Biotechnik);QualitÃ¤tsmanager/in (Umwelttechnik);Sehr stark;Wenig;Teils;Teils;Stark;Sehr stark;Sehr stark;Wenig;Teils;Wenig;Konstruktion – Produktion – Technische Entwicklung;52.000–65.000 €;58000;75000;hoch;2,3
Bio- und Umweltverfahrenstechnik;Verfahrensingenieur/in (Umweltverfahren);Bioprozesstechniker/in;Anlagenplaner/in (Umweltanlagen);Laborleiter/in (Verfahrenstechnik);Umweltgutachter/in;Sehr stark;Wenig;Teils;Teils;Stark;Sehr stark;Sehr stark;Wenig;Teils;Wenig;Konstruktion – Produktion – Technische Entwicklung;52.000–65.000 €;58000;75000;hoch;2,3
Biochemie;Laborleiter/in (Biochemie);Forschungschemiker/in (Biochemie);QualitÃ¤tsmanager/in Pharma;Biotechnologe/-login;Wissenschaftliche/r Mitarbeiter/in (Biochemie);Sehr stark;Wenig;Teils;Teils;Stark;Sehr stark;Sehr stark;Wenig;Teils;Wenig;Controlling – Marketing – Unternehmensberatung;38.000–50.000 €;44000;60000;mittel;2,3
Bioeconomy;Nachhaltigkeitsmanager/in (BioÃ¶konomie);Innovationsmanager/in (Bio-Produkte);Projektmanager/in Bioenergie;AgrarÃ¶konom/in (Bio-Wirtschaft);Unternehmensberater/in (Bio-Industrie);Sehr stark;Wenig;Teils;Teils;Stark;Sehr stark;Sehr stark;Wenig;Teils;Wenig;Controlling – Marketing – Unternehmensberatung;38.000–50.000 €;44000;60000;mittel;2,3
Bioinformatik;Bioinformatiker/in (Forschung);Softwareentwickler/in Bio-IT;Datenanalyst/in Genomik;IT-Projektmanager/in im Life-Science;Wissenschaftliche/r Mitarbeiter/in (Bioinformatik);Sehr stark;Teils;Wenig;Teils;Stark;Stark;Sehr stark;Wenig;Teils;Wenig;Softwareentwicklung – IT-Consulting – Systemadministration;55.000–70.000 €;60000;80000;sehr hoch;zulassungsfrei
Bioingenieurwesen;Bioingenieur/in (Verfahrenstechnik);Biotechnologe/-technologin (Produktion);Pharmatechniker/in;QualitÃ¤tsingenieur/in (Biotech);Forschungsingenieur/in (Bioverfahren);Stark;Wenig;Wenig;Teils;Teils;Stark;Sehr stark;Wenig;Teils;Wenig;Konstruktion – Produktion – Technische Entwicklung;52.000–65.000 €;58000;75000;hoch;2,3
Biologie;Forschungsbiologe/-login (UniversitÃ¤t);Laborleiter/in (Life Science);Biotechnologe/-login (Industrie);Umweltgutachter/in (Ã–kologie);Wissenschaftsjournalist/in (Biowissenschaften);Sehr stark;Wenig;Teils;Teils;Stark;Sehr stark;Sehr stark;Wenig;Teils;Wenig;Forschung Biotech Umweltwissenschaften;40000-50000;450000;550000;mittel;2
Biomedizintechnik;Medizintechnik-Ingenieur/in;GerÃ¤teentwickler/in (Medizintechnik);Produktmanager/in Medizintechnik;Validierungsingenieur/in (MedTech);Serviceingenieur/in (MedizingerÃ¤te);Stark;Wenig;Wenig;Teils;Teils;Stark;Sehr stark;Wenig;Teils;Wenig;Konstruktion – Produktion – Technische Entwicklung;52.000–65.000 €;58000;75000;hoch;2,3
Business Administration;Unternehmensberater/in;Controller/in;IT-Consultant;Projektmanager/in;Marketing Manager/in;Teils;Wenig;Teils;Sehr stark;Stark;Teils;Sehr stark;Stark;Teils;Wenig;Controlling – Marketing – Unternehmensberatung;45.000–60.000 €;50000;70000;mittel;2,3
Business Administration (BWL);Unternehmensberater/in;Controller/in;IT-Consultant;Projektmanager/in;Marketing Manager/in;Teils;Wenig;Teils;Sehr stark;Stark;Teils;Sehr stark;Stark;Teils;Wenig;Controlling – Marketing – Unternehmensberatung;45.000–60.000 €;50000;70000;mittel;2,3
Business Administration and Economics (BWL/ VWL);Unternehmensberater/in;Controller/in;Risk Manager/in;WirtschaftsprÃ¼fer/in;Marketing Manager/in;Teils;Wenig;Teils;Sehr stark;Stark;Teils;Sehr stark;Stark;Teils;Wenig;Controlling – Marketing – Unternehmensberatung;45.000–60.000 €;50000;70000;mittel;2,3
Business, Economics & Psychology;Personalreferent/in;Personal- und Organisationsentwickler/in;Personalberater/in (Consultant);Marktforscher/in;Headhunter/in (Recruiter);Stark;Wenig;Stark;Teils;Teils;Stark;Stark;Stark;Sehr stark;Wenig;Controlling – Marketing – Unternehmensberatung;45.000–60.000 €;50000;70000;mittel;2,3
BWL;Unternehmensberater/in;Controller/in;IT-Consultant;Projektmanager/in;Marketing Manager/in;Teils;Wenig;Teils;Sehr stark;Stark;Teils;Sehr stark;Stark;Teils;Wenig;Controlling – Marketing – Unternehmensberatung;45.000–60.000 €;50000;70000;mittel;2,3
BWL - Gesundheitsmanagement;Gesundheitsmanager/in (Klinik/Pflegeeinrichtung);Betriebliche/r Gesundheitsmanager/in;PrÃ¤ventionsprojektleiter/in;Gesundheitsberater/in (z.B. Krankenkasse);GesundheitsÃ¶konom/in (Planung & Finanzierung);Teils;Wenig;Teils;Sehr stark;Stark;Teils;Sehr stark;Stark;Teils;Wenig;Pflegemanagement – Gesundheitsberatung – Pflegepädagogik;45.000–60.000 €;50000;70000;hoch;zulassungsfrei
BWL - Gesundheitsmanagement im Leistungssport;Sportvereinsmanager/in;Eventmanager/in (Sportevents);Marketingmanager/in im Sport;Sponsoring-Manager/in;SportÃ¶konom/in;Teils;Wenig;Teils;Sehr stark;Stark;Teils;Sehr stark;Stark;Teils;Wenig;Sportpädagogik – Gesundheitsförderung – Rehabilitationssport;45.000–60.000 €;50000;70000;mittel-hoch;2,2
BWL - Spedition, Transport und Logistik;Unternehmensberater/in;Controller/in;IT-Consultant;Projektmanager/in;Marketing Manager/in;Teils;Wenig;Teils;Sehr stark;Stark;Teils;Sehr stark;Stark;Teils;Wenig;Logistikmanagement – Supply Chain Management – Transportwesen;45.000–60.000 €;50000;70000;hoch;2,3
BWL â€“ Sportmanagement;Sportvereinsmanager/in;Eventmanager/in (Sportevents);Marketingmanager/in im Sport;Sponsoring-Manager/in;SportÃ¶konom/in;Teils;Wenig;Stark;Sehr stark;Teils;Teils;Sehr stark;Sehr stark;Teils;Wenig;Sportpädagogik – Gesundheitsförderung – Rehabilitationssport;45.000–60.000 €;50000;70000;mittel-hoch;2,2
Chemie;Chemiker/in in Forschung & Entwicklung;Laborleiter/in (Analytik);Chemietechniker/in (Produktion);QualitÃ¤tsmanager/in Chemie;Produktentwickler/in (Chemische Industrie);Sehr stark;Wenig;Teils;Teils;Stark;Sehr stark;Sehr stark;Wenig;Teils;Wenig;Controlling – Marketing – Unternehmensberatung;38.000–50.000 €;44000;60000;mittel;2,3
Computer Science;Softwareentwickler/in;IT-Consultant;Datenbankadministrator/in;Systemarchitekt/in;IT-Projektmanager/in;Sehr stark;Teils;Wenig;Teils;Stark;Stark;Sehr stark;Wenig;Teils;Wenig;Controlling – Marketing – Unternehmensberatung;38.000–50.000 €;44000;60000;mittel;2,3
Design and Computation;CAD-Designer/in (Technik);Computational Engineer (Simulationsingenieur/in);Produktentwickler/in (Technisches Design);CAE-Spezialist/in (Computer Aided Engineering);Forschungsingenieur/in (Simulation);Sehr stark;Teils;Wenig;Teils;Stark;Stark;Sehr stark;Wenig;Teils;Wenig;Grafikdesign – Medienproduktion – Öffentlichkeitsarbeit;35.000–48.000 €;40000;55000;gering-mittel;zulassungsfrei
Electronics and Data Engineering;Elektronikentwickler/in;Embedded-Systems-Ingenieur/in;Data Engineer (IoT);Hardware-Testingenieur/in;IoT-Projektmanager/in;Sehr stark;Teils;Wenig;Teils;Stark;Stark;Sehr stark;Wenig;Teils;Wenig;Softwareentwicklung – IT-Consulting – Systemadministration;55.000–70.000 €;60000;80000;sehr hoch;zulassungsfrei
Elektrotechnik;Elektroingenieur/in (Entwicklung);Automatisierungsingenieur/in;Hardware-Entwickler/in (Elektronik);Projektleiter/in Elektrotechnik;PrÃ¼fingenieur/in (Elektrosicherheit);Stark;Wenig;Wenig;Teils;Teils;Stark;Sehr stark;Wenig;Teils;Wenig;Automatisierung Elektronik Energietechnik;52.000–65.000 €;58000;75000;hoch;2,5
Energie- und Umwelttechnik;Umwelttechnik-Ingenieur/in;Energieanlagen-Projektierer/in;Umweltschutzbeauftragte/r;Verfahrenstechniker/in (Abwasser/Luft);Recycling- und Entsorgungsingenieur/in;Sehr stark;Wenig;Teils;Teils;Stark;Sehr stark;Sehr stark;Wenig;Teils;Wenig;Konstruktion – Produktion – Technische Entwicklung;52.000–65.000 €;58000;75000;hoch;2,3
Energie- und Wassermanagement;Versorgungsingenieur/in (Wasserversorgung);Energiemanager/in (Versorgungsunternehmen);Wasserwirtschaftsplaner/in;Umweltberater/in Wasser/Abwasser;Projektmanager/in erneuerbare Energien;Teils;Wenig;Teils;Sehr stark;Stark;Teils;Sehr stark;Stark;Teils;Wenig;Controlling – Marketing – Unternehmensberatung;45.000–60.000 €;50000;70000;mittel;2,3
Energie-Effizienz-Design;Energiemanager/in (Energieeffizienz);GebÃ¤udeenergieberater/in;Nachhaltigkeitsingenieur/in;Klimaschutzmanager/in;Projektleiter/in Energietechnik;Stark;Wenig;Wenig;Teils;Teils;Stark;Sehr stark;Wenig;Teils;Wenig;Grafikdesign – Medienproduktion – Öffentlichkeitsarbeit;35.000–48.000 €;40000;55000;gering-mittel;zulassungsfrei
Environmental and Resource Management;Umweltmanager/in (Betrieb);Ressourcenmanager/in (Nachhaltigkeit);Umwelt-Consultant (Beratung);Projektleiter/in Umweltprojekte;Nachhaltigkeitsbeauftragte/r;Teils;Wenig;Teils;Sehr stark;Stark;Teils;Sehr stark;Stark;Teils;Wenig;Controlling – Marketing – Unternehmensberatung;45.000–60.000 €;50000;70000;mittel;2,3
Erd- und Klimaphysik;Energietechniker/in (Kraftwerk, Erneuerbare);Klimadaten-Analyst/in;Umweltberater/in (Klimaschutz);Forschungsingenieur/in (Klimamodelle);Wetter- und Klimaexperte (Meteorologe);Sehr stark;Wenig;Teils;Teils;Stark;Sehr stark;Sehr stark;Wenig;Teils;Wenig;Controlling – Marketing – Unternehmensberatung;38.000–50.000 €;44000;60000;mittel;2,3
ErnÃ¤hrung und Gesundheit;ErnÃ¤hrungsberater/in;Gesundheitsmanager/in ErnÃ¤hrung (Betrieb);QualitÃ¤tsmanager/in Lebensmittel;Food Blogger/Redakteur (ErnÃ¤hrung);PrÃ¤ventionsberater/in (ErnÃ¤hrung);Sehr stark;Teils;Wenig;Teils;Stark;Stark;Sehr stark;Wenig;Teils;Wenig;Pflegemanagement – Gesundheitsberatung – Pflegepädagogik;55.000–70.000 €;60000;80000;hoch;zulassungsfrei
ErnÃ¤hrungswissenschaften;ErnÃ¤hrungsberater/in;Ã–kotrophologe/-login (Verbraucherberatung);QualitÃ¤tsmanager/in Lebensmittel;Produktentwickler/in Lebensmittel;Wissenschaftliche/r Mitarbeiter/in (ErnÃ¤hrung);Sehr stark;Wenig;Teils;Teils;Stark;Sehr stark;Sehr stark;Wenig;Teils;Wenig;Controlling – Marketing – Unternehmensberatung;38.000–50.000 €;44000;60000;mittel;2,3
Esports Management;Esports-Teammanager/in;Eventmanager/in (Esports);Marketingmanager/in (Esports);Esports-Trainer/in (Coach);Community-Manager/in (Gaming);Teils;Wenig;Stark;Sehr stark;Teils;Teils;Sehr stark;Sehr stark;Teils;Wenig;Eventmanagement – Gaming-Industrie – Sportmarketing;45.000–60.000 €;50000;70000;mittel;zulassungsfrei
Fahrzeugtechnik;Entwicklungsingenieur/in (Fahrzeugtechnik);Versuchsingenieur/in (Automotive);PrÃ¼fstandsingenieur/in;Serviceingenieur/in (Automotive);Homologationsingenieur/in (Fahrzeugzulassung);Stark;Wenig;Wenig;Teils;Teils;Stark;Sehr stark;Wenig;Teils;Wenig;Konstruktion – Produktion – Technische Entwicklung;52.000–65.000 €;58000;75000;hoch;2,3
Fahrzeugtechnik (B.Eng.);Entwicklungsingenieur/in (Fahrzeugtechnik);Versuchsingenieur/in (Automotive);PrÃ¼fstandsingenieur/in;Serviceingenieur/in (Automotive);Homologationsingenieur/in (Fahrzeugzulassung);Stark;Wenig;Wenig;Teils;Teils;Stark;Sehr stark;Wenig;Teils;Wenig;Konstruktion – Produktion – Technische Entwicklung;52.000–65.000 €;58000;75000;hoch;2,3
Fahrzeugtechnik (Fahrzeugsysteme und -entwicklung);Entwicklungsingenieur/in (Fahrzeugsysteme);Systemingenieur/in (Automotive);Testingenieur/in Fahrzeugtechnik;Projektmanager/in Fahrzeugentwicklung;QualitÃ¤tsingenieur/in (Automotive);Stark;Wenig;Wenig;Teils;Teils;Stark;Sehr stark;Wenig;Teils;Wenig;Konstruktion – Produktion – Technische Entwicklung;52.000–65.000 €;58000;75000;hoch;2,3
Fahrzeugtechnik (Karosserie- und Fertigungstechnik);Konstrukteur/in (Karosseriebau);Fertigungsplaner/in (Automobil);SchweiÃŸfachingenieur/in (Karosserie);Produktionsmanager/in (Fahrzeugbau);QualitÃ¤tsprÃ¼fer/in (Karosserie);Stark;Wenig;Wenig;Teils;Teils;Stark;Sehr stark;Wenig;Teils;Wenig;Konstruktion – Produktion – Technische Entwicklung;52.000–65.000 €;58000;75000;hoch;2,3
Fernstudium Wirtschaftsrecht;Unternehmensberater/in;Compliance Manager/in;Legal Consultant (Wirtschaftsjurist/in);Vertragsmanager/in;Legal Project Manager/in;Teils;Wenig;Teils;Sehr stark;Stark;Teils;Sehr stark;Stark;Teils;Wenig;Controlling – Marketing – Unternehmensberatung;45.000–60.000 €;50000;70000;mittel;2,3
Flugzeugbau;Flugzeugbau-Ingenieur/in (Konstruktion);Luftfahrtingenieur/in (Aerodynamik);Fertigungsingenieur/in Flugzeugbau;Quality Engineer Aerospace;Zulassungsingenieur/in (Luftfahrt);Stark;Wenig;Wenig;Teils;Teils;Stark;Sehr stark;Wenig;Teils;Wenig;Konstruktion – Produktion – Technische Entwicklung;52.000–65.000 €;58000;75000;hoch;2,3
Game Engineering;Game-Developer/in (Spieleentwicklung);Gameplay-Programmierer/in;3D-Designer/in (Game);Softwareentwickler/in;QA-Tester/in (Game);Sehr stark;Teils;Wenig;Teils;Stark;Stark;Sehr stark;Wenig;Teils;Wenig;Controlling – Marketing – Unternehmensberatung;38.000–50.000 €;44000;60000;mittel;2,3
GebÃ¤ude- und Energietechnik;GebÃ¤udetechnik-Ingenieur/in;Energieanlagen-Planer/in (GebÃ¤ude);TGA-Fachplaner/in (Technische GebÃ¤udeausrÃ¼stung);Facility Manager/in (Betriebstechnik);Projektleiter/in GebÃ¤udeenergie;Stark;Wenig;Wenig;Teils;Teils;Stark;Sehr stark;Wenig;Teils;Wenig;Konstruktion – Produktion – Technische Entwicklung;52.000–65.000 €;58000;75000;hoch;2,3
GebÃ¤ude- und Energietechnik (B.Eng.);GebÃ¤udetechnik-Ingenieur/in;Energieanlagen-Planer/in (GebÃ¤ude);TGA-Fachplaner/in;Facility Manager/in;Projektleiter/in GebÃ¤udeenergie;Stark;Wenig;Wenig;Teils;Teils;Stark;Sehr stark;Wenig;Teils;Wenig;Konstruktion – Produktion – Technische Entwicklung;52.000–65.000 €;58000;75000;hoch;2,3
GebÃ¤ude- und Energietechnik (Vollzeitstudium);GebÃ¤udetechnik-Ingenieur/in;Energieanlagen-Planer/in (GebÃ¤ude);TGA-Fachplaner/in;Facility Manager/in;Projektleiter/in GebÃ¤udeenergie;Sehr stark;Teils;Wenig;Teils;Stark;Stark;Sehr stark;Wenig;Teils;Wenig;Softwareentwicklung – IT-Consulting – Systemadministration;52.000–65.000 €;58000;75000;sehr hoch;zulassungsfrei
GebÃ¤udeklimatik;GebÃ¤udetechnik-Ingenieur/in (HLK-Technik);Klimatechniker/in (GebÃ¤udeklima);Energieberater/in (GebÃ¤ude);Facility Manager/in (Technik);Projektleiter/in Klimaanlagenbau;Stark;Wenig;Wenig;Teils;Teils;Stark;Sehr stark;Wenig;Teils;Wenig;Controlling – Marketing – Unternehmensberatung;38.000–50.000 €;44000;60000;mittel;2,3
General Management;Unternehmensberater/in;Controller/in;IT-Consultant;Projektmanager/in;Marketing Manager/in;Teils;Wenig;Teils;Sehr stark;Stark;Teils;Sehr stark;Stark;Teils;Wenig;Controlling – Marketing – Unternehmensberatung;45.000–60.000 €;50000;70000;mittel;2,3
GeodÃ¤sie und Navigation;Vermessungsingenieur/in (GeodÃ¤t);GIS-Spezialist/in (Navigation);Softwareentwickler/in (Navigationssysteme);Projektleiter/in im Vermessungswesen;BehÃ¶rdenmitarbeiter/in (Kataster);Stark;Wenig;Wenig;Teils;Teils;Stark;Sehr stark;Wenig;Teils;Wenig;Controlling – Marketing – Unternehmensberatung;38.000–50.000 €;44000;60000;mittel;2,3
Geoinformatik;Softwareentwickler/in (Geosoftware);IT-Berater/in (GIS);Datenbankadministrator/in (Geodaten);Geoinformatiker/in (GIS Analyst);Forschungsmitarbeiter/in (Geoinformation);Sehr stark;Teils;Wenig;Teils;Stark;Stark;Sehr stark;Wenig;Teils;Wenig;Softwareentwicklung – IT-Consulting – Systemadministration;55.000–70.000 €;60000;80000;sehr hoch;zulassungsfrei
Gesundheits- und Sportingenieurwesen;Konstrukteur/in (Entwicklungsingenieur/in);Automatisierungsingenieur/in;Energie-/Umwelttechniker/in;Projektingenieur/in (z.B. Luft- und Raumfahrt);QualitÃ¤ts- oder Fertigungsingenieur/in;Sehr stark;Teils;Wenig;Teils;Stark;Stark;Sehr stark;Wenig;Teils;Wenig;Sportpädagogik – Gesundheitsförderung – Rehabilitationssport;52.000–65.000 €;58000;75000;mittel-hoch;2,2
Gesundheitsmanagement;Gesundheitsmanager/in (Klinik/Pflegeeinrichtung);Betriebliche/r Gesundheitsmanager/in;PrÃ¤ventionsprojektleiter/in;Gesundheitsberater/in (z.B. Krankenkasse);GesundheitsÃ¶konom/in (Planung & Finanzierung);Teils;Wenig;Teils;Sehr stark;Stark;Teils;Sehr stark;Stark;Teils;Wenig;Pflegemanagement – Gesundheitsberatung – Pflegepädagogik;45.000–60.000 €;50000;70000;hoch;zulassungsfrei
Gesundheitssport und PrÃ¤vention;Fitnesstrainer/in;Personal Trainer/in;Fitnessstudio-Manager/in;Medical Fitness Spezialist/in;Gesundheits- und PrÃ¤ventionsberater/in;Sehr stark;Teils;Wenig;Teils;Stark;Stark;Sehr stark;Wenig;Teils;Wenig;Sportpädagogik – Gesundheitsförderung – Rehabilitationssport;55.000–70.000 €;60000;80000;mittel-hoch;2,2
GrÃ¼ndung Innovation FÃ¼hrung;Unternehmensberater/in;Controller/in;IT-Consultant;Projektmanager/in;Marketing Manager/in;Teils;Wenig;Teils;Sehr stark;Stark;Teils;Sehr stark;Stark;Teils;Wenig;Controlling – Marketing – Unternehmensberatung;38.000–50.000 €;44000;60000;mittel;2,3
Human-Computer-Interaction;UX/UI-Designer/in (Mensch-Computer-Interaktion);Softwareentwickler/in;Usability Engineer;IT-Projektmanager/in;Interaktionsdesigner/in;Sehr stark;Teils;Wenig;Teils;Stark;Stark;Sehr stark;Wenig;Teils;Wenig;Controlling – Marketing – Unternehmensberatung;38.000–50.000 €;44000;60000;mittel;2,3
Information Engineering am Campus Heilbronn;Softwareentwickler/in;IT-Consultant;Datenbankadministrator/in;Systemingenieur/in;IT-Projektmanager/in;Sehr stark;Teils;Wenig;Teils;Stark;Stark;Sehr stark;Wenig;Teils;Wenig;Controlling – Marketing – Unternehmensberatung;38.000–50.000 €;44000;60000;mittel;2,3
Informationstechnologie und Medientechnologie;Softwareentwickler/in;IT-Consultant;Netzwerkadministrator/in;Medieninformatiker/in (Multimedia-Entwicklung);IT-Projektmanager/in;Sehr stark;Teils;Wenig;Teils;Stark;Stark;Sehr stark;Wenig;Teils;Wenig;Grafikdesign – Medienproduktion – Öffentlichkeitsarbeit;35.000–48.000 €;40000;55000;gering-mittel;zulassungsfrei
International Business;Unternehmensberater/in;Controller/in;IT-Consultant;Projektmanager/in;Marketing Manager/in;Teils;Wenig;Teils;Sehr stark;Stark;Teils;Sehr stark;Stark;Teils;Wenig;Controlling – Marketing – Unternehmensberatung;45.000–60.000 €;50000;70000;mittel;2,3
International Business;Unternehmensberater/in;Controller/in;IT-Consultant;Projektmanager/in;Marketing Manager/in;Teils;Wenig;Teils;Sehr stark;Stark;Teils;Sehr stark;Stark;Teils;Wenig;Controlling – Marketing – Unternehmensberatung;45.000–60.000 €;50000;70000;mittel;2,3
International Business - Interkulturelles Management;Unternehmensberater/in;Controller/in;IT-Consultant;Projektmanager/in;Marketing Manager/in;Teils;Wenig;Teils;Sehr stark;Stark;Teils;Sehr stark;Stark;Teils;Wenig;Controlling – Marketing – Unternehmensberatung;45.000–60.000 €;50000;70000;mittel;2,3
International Business (B.A.);Unternehmensberater/in;Controller/in;IT-Consultant;Projektmanager/in;Marketing Manager/in;Teils;Wenig;Teils;Sehr stark;Stark;Teils;Sehr stark;Stark;Teils;Wenig;Controlling – Marketing – Unternehmensberatung;45.000–60.000 €;50000;70000;mittel;2,3
International Sport Management;Sportvereinsmanager/in;Eventmanager/in (Sportevents);Marketingmanager/in im Sport;Sponsoring-Manager/in;SportÃ¶konom/in;Teils;Wenig;Teils;Sehr stark;Stark;Teils;Sehr stark;Stark;Teils;Wenig;Sportpädagogik – Gesundheitsförderung – Rehabilitationssport;45.000–60.000 €;50000;70000;mittel-hoch;2,2
Internationales Sportmanagement (B.A.);Sportvereinsmanager/in;Eventmanager/in (Sportevents);Marketingmanager/in im Sport;Sponsoring-Manager/in;SportÃ¶konom/in;Teils;Wenig;Stark;Sehr stark;Teils;Teils;Sehr stark;Sehr stark;Teils;Wenig;Sportpädagogik – Gesundheitsförderung – Rehabilitationssport;45.000–60.000 €;50000;70000;mittel-hoch;2,2
Internet der Dinge - Digitale Kommunikation und Kooperation;IoT-Engineer (IoT-Entwickler/in);Embedded Systems Entwickler/in;Netzwerkadministrator/in (IoT);Kommunikationsingenieur/in (IoT);IoT-Projektmanager/in;Sehr stark;Teils;Wenig;Teils;Stark;Stark;Sehr stark;Wenig;Teils;Wenig;Softwareentwicklung – IT-Consulting – Systemadministration;35.000–48.000 €;40000;55000;sehr hoch;zulassungsfrei
Internet- und Medieninformatik;Softwareentwickler/in (Web/Medien);IT-Consultant (Digital Media);Netzwerkadministrator/in;Online-Marketing-Manager/in;IT-Projektmanager/in;Sehr stark;Teils;Wenig;Teils;Stark;Stark;Sehr stark;Wenig;Teils;Wenig;Softwareentwicklung – IT-Consulting – Systemadministration;35.000–48.000 €;40000;55000;sehr hoch;zulassungsfrei
KÃ¼nstliche Intelligenz;Data Scientist;Machine-Learning-Engineer;KI-Softwareentwickler/in;Datenanalyst/in (KI);AI-Consultant (KI-Berater);Sehr stark;Teils;Wenig;Teils;Stark;Stark;Sehr stark;Wenig;Teils;Wenig;Controlling – Marketing – Unternehmensberatung;38.000–50.000 €;44000;60000;mittel;2,3
KÃ¼nstliche Intelligenz und Data Science;Data Scientist;Datenanalyst/in;Data Engineer;Machine-Learning-Engineer;Business Analyst;Sehr stark;Teils;Wenig;Teils;Stark;Stark;Sehr stark;Wenig;Teils;Wenig;Softwareentwicklung – IT-Consulting – Systemadministration;55.000–70.000 €;60000;80000;sehr hoch;zulassungsfrei
Kommunikationsinformatik;Softwareentwickler/in;IT-Consultant;System- und Netzwerkadministrator/in;IT-Projektmanager/in;Kommunikationssysteme-Spezialist/in;Sehr stark;Teils;Wenig;Teils;Stark;Stark;Sehr stark;Wenig;Teils;Wenig;Softwareentwicklung – IT-Consulting – Systemadministration;35.000–48.000 €;40000;55000;sehr hoch;zulassungsfrei
Lebensmittelchemie;Lebensmittelchemiker/in (Analytik);QualitÃ¤tskontrolleur/in Lebensmittel;Toxikologe/-login (Lebensmittel);Laborleiter/in (Lebensmittelanalytik);Produktentwickler/in Lebensmittel;Sehr stark;Teils;Wenig;Teils;Stark;Stark;Sehr stark;Wenig;Teils;Wenig;Softwareentwicklung – IT-Consulting – Systemadministration;55.000–70.000 €;60000;80000;sehr hoch;zulassungsfrei
Lebensmitteltechnologie;Lebensmitteltechnologe/-login (Produktentwicklung);Produktionstechniker/in (Lebensmittel);QualitÃ¤tsmanager/in Lebensmittel;Sensorik-Experte/-Expertin;Betriebsleiter/in (Lebensmittelproduktion);Sehr stark;Teils;Wenig;Teils;Stark;Stark;Sehr stark;Wenig;Teils;Wenig;Softwareentwicklung – IT-Consulting – Systemadministration;55.000–70.000 €;60000;80000;sehr hoch;zulassungsfrei
Lehramt an Gymnasien - Naturwissenschaftliche Bildung Mathematik/ Sport;Lehrer/in (Gymnasium, Fach Sport/Mathe);Sportlehrer/in (Schulsport);Sport-AG-Koordinator/in;Nachhilfelehrer/in;Wissenschaftliche/r Mitarbeiter/in (Fachdidaktik);Stark;Teils;Sehr stark;Teils;Teils;Sehr stark;Stark;Stark;Sehr stark;Wenig;Sportpädagogik – Gesundheitsförderung – Rehabilitationssport;40.000–52.000 €;45000;60000;mittel-hoch;2,2
Management and Technology;Produktmanager/in (Technologie);Technischer Betriebsleiter/in;Innovationsmanager/in;Projektmanager/in Technik;Technologiemarketing-Manager/in;Teils;Wenig;Teils;Sehr stark;Stark;Teils;Sehr stark;Stark;Teils;Wenig;Controlling – Marketing – Unternehmensberatung;45.000–60.000 €;50000;70000;mittel;2,3
Management im Sport;Sportvereinsmanager/in;Eventmanager/in (Sportevents);Marketingmanager/in im Sport;Sponsoring-Manager/in;SportÃ¶konom/in;Teils;Wenig;Teils;Sehr stark;Stark;Teils;Sehr stark;Stark;Teils;Wenig;Sportpädagogik – Gesundheitsförderung – Rehabilitationssport;45.000–60.000 €;50000;70000;mittel-hoch;2,2
Maschinenbau;Konstrukteur/in (Entwicklungsingenieur/in);Automatisierungsingenieur/in;Energie-/Umwelttechniker/in;Projektingenieur/in (z.B. Luft- und Raumfahrt);QualitÃ¤ts- oder Fertigungsingenieur/in;Stark;Wenig;Wenig;Teils;Teils;Stark;Sehr stark;Wenig;Teils;Wenig;Automobil Anlagenbau Konstruktion;52.000–65.000 €;58000;75000;hoch;2,3
Maschinenbau (B.Eng.);Konstrukteur/in (Entwicklungsingenieur/in);Automatisierungsingenieur/in;Energie-/Umwelttechniker/in;Projektingenieur/in (z.B. Luft- und Raumfahrt);QualitÃ¤ts- oder Fertigungsingenieur/in;Stark;Wenig;Wenig;Teils;Teils;Stark;Sehr stark;Wenig;Teils;Wenig;Konstruktion – Produktion – Technische Entwicklung;52.000–65.000 €;58000;75000;hoch;2,3
Maschinenbau (B.Eng.), Maschinen- und Systemdesign;Konstrukteur/in (Maschinen-/Systemdesign);Entwicklungsingenieur/in (Systemtechnik);CAD-Spezialist/in (Maschinenbau);Projektingenieur/in (Systementwicklung);QualitÃ¤tsingenieur/in (Maschinenbau);Stark;Wenig;Wenig;Teils;Teils;Stark;Sehr stark;Wenig;Teils;Wenig;Grafikdesign – Medienproduktion – Öffentlichkeitsarbeit;35.000–48.000 €;40000;55000;gering-mittel;zulassungsfrei
Materialwissenschaft und Werkstofftechnik;Werkstoffingenieur/in (MaterialprÃ¼fung);Materialentwickler/in (Neue Werkstoffe);QualitÃ¤tssicherungsingenieur/in (Material);Laboringenieur/in (WerkstoffprÃ¼fung);Forschungsingenieur/in (Materialwissenschaft);Stark;Wenig;Wenig;Teils;Teils;Stark;Sehr stark;Wenig;Teils;Wenig;Konstruktion – Produktion – Technische Entwicklung;52.000–65.000 €;58000;75000;hoch;2,3
Mechatronik;Mechatronik-Ingenieur/in (Entwicklung);Automatisierungstechniker/in;Robotik-Ingenieur/in;Instandhaltungsingenieur/in (Mechatronik);Projektleiter/in Mechatroniksysteme;Stark;Wenig;Wenig;Teils;Teils;Stark;Sehr stark;Wenig;Teils;Wenig;Konstruktion – Produktion – Technische Entwicklung;52.000–65.000 €;58000;75000;hoch;2,3
Mechatronik - Automation and IT;Automatisierungsingenieur/in;Steuerungsinformatiker/in;IT-Systemingenieur/in (Automatisierung);SPS-Programmierer/in;Prozessleittechniker/in;Sehr stark;Teils;Wenig;Teils;Stark;Stark;Sehr stark;Wenig;Teils;Wenig;Softwareentwicklung – IT-Consulting – Systemadministration;52.000–65.000 €;58000;75000;sehr hoch;zulassungsfrei
Mechatronik & Robotik;Mechatronik-Ingenieur/in (Entwicklung);Robotik-Ingenieur/in (Automation);Automatisierungstechniker/in;Steuerungsingenieur/in (Robotik);Wartungsingenieur/in (Robotersysteme);Stark;Wenig;Wenig;Teils;Teils;Stark;Sehr stark;Wenig;Teils;Wenig;Konstruktion – Produktion – Technische Entwicklung;52.000–65.000 €;58000;75000;hoch;2,3
Mechatronik (B.Eng.);Mechatronik-Ingenieur/in (Entwicklung);Automatisierungstechniker/in;Robotik-Ingenieur/in;Instandhaltungsingenieur/in (Mechatronik);Projektleiter/in Mechatroniksysteme;Stark;Wenig;Wenig;Teils;Teils;Stark;Sehr stark;Wenig;Teils;Wenig;Konstruktion – Produktion – Technische Entwicklung;52.000–65.000 €;58000;75000;hoch;2,3
Mechatronik (mit Ausbildung);Mechatroniker/in (Industrie);Automatisierungstechniker/in;Servicetechniker/in (Mechatronik);Werkstattmeister/in (Mechatronik);Kundendienstingenieur/in;Sehr stark;Teils;Wenig;Teils;Stark;Stark;Sehr stark;Wenig;Teils;Wenig;Softwareentwicklung – IT-Consulting – Systemadministration;40.000–52.000 €;45000;60000;sehr hoch;zulassungsfrei
Mechatronik Trinational;Mechatronik-Ingenieur/in (international);Automatisierungstechniker/in;Servicetechniker/in weltweit;Projektleiter/in (grenzÃ¼berschreitend);Vertriebsingenieur/in (international);Stark;Wenig;Wenig;Teils;Teils;Stark;Sehr stark;Wenig;Teils;Wenig;Konstruktion – Produktion – Technische Entwicklung;52.000–65.000 €;58000;75000;hoch;2,3
Mechatronik und Robotik;Mechatronik-Ingenieur/in (Entwicklung);Robotik-Ingenieur/in (Automation);Automatisierungstechniker/in;Steuerungsingenieur/in (Robotik);Wartungsingenieur/in (Robotersysteme);Stark;Wenig;Wenig;Teils;Teils;Stark;Sehr stark;Wenig;Teils;Wenig;Konstruktion – Produktion – Technische Entwicklung;52.000–65.000 €;58000;75000;hoch;2,3
Mechatronische Systeme;Mechatronik-Ingenieur/in (Entwicklung);Automatisierungsingenieur/in;Systemtechniker/in (Mechatronik);PrÃ¼fingenieur/in (Mechatronik);Inbetriebnahme-Ingenieur/in;Stark;Wenig;Wenig;Teils;Teils;Stark;Sehr stark;Wenig;Teils;Wenig;Controlling – Marketing – Unternehmensberatung;38.000–50.000 €;44000;60000;mittel;2,3
Medieninformatik;Softwareentwickler/in (Multimedia-Anwendungen);IT-Berater/in (Consulting);SAP-Berater/in;Online-Marketing-Manager/in;System- und Netzwerkadministrator/in;Sehr stark;Teils;Wenig;Teils;Stark;Stark;Sehr stark;Wenig;Teils;Wenig;Softwareentwicklung – IT-Consulting – Systemadministration;35.000–48.000 €;40000;55000;sehr hoch;zulassungsfrei
Molecular Biology;Molekularbiologe/-login (Forschung);Laborleiter/in (Life Science);Biotechnologe/-login;QualitÃ¤tsmanager/in (Biotech);Wissenschaftliche/r Mitarbeiter/in (Biologie);;Wenig;Teils;Teils;Stark;Sehr stark;Sehr stark;Wenig;Teils;Wenig;Controlling – Marketing – Unternehmensberatung;38.000–50.000 €;44000;60000;mittel;2,3
Molecular Life Sciences;Molekularbiologe/-login (Forschung);Laborleiter/in (Life Science);Biotechnologe/-login;QualitÃ¤tsmanager/in (Biotech);Wissenschaftliche/r Mitarbeiter/in (Biologie);;Wenig;Teils;Teils;Stark;Sehr stark;Sehr stark;Wenig;Teils;Wenig;Controlling – Marketing – Unternehmensberatung;38.000–50.000 €;44000;60000;mittel;2,3
Molecular Science;Molekularbiologe/-login (Forschung);Laborleiter/in (Life Science);Biotechnologe/-login;QualitÃ¤tsmanager/in (Biotech);Wissenschaftliche/r Mitarbeiter/in (Biologie);;Wenig;Teils;Teils;Stark;Sehr stark;Sehr stark;Wenig;Teils;Wenig;Controlling – Marketing – Unternehmensberatung;38.000–50.000 €;44000;60000;mittel;2,3
Molekulare und Angewandte Biotechnologie;Biotechnologe/-login (Industrie);Laborleiter/in (Molekularbiologie);Forschungsingenieur/in (Biotech);QualitÃ¤tsmanager/in (Biotech);Produktmanager/in Biotechnologie;Sehr stark;Wenig;Teils;Teils;Stark;Sehr stark;Sehr stark;Wenig;Teils;Wenig;Controlling – Marketing – Unternehmensberatung;38.000–50.000 €;44000;60000;mittel;2,3
Molekulare und ZellulÃ¤re Biotechnologie;Biotechnologe/-login (Industrie);Zellkultur-Spezialist/in;Laborleiter/in (Molekularbiologie);QualitÃ¤tsmanager/in (Biotech);Forschungsmitarbeiter/in (Life Science);Sehr stark;Wenig;Teils;Teils;Stark;Sehr stark;Sehr stark;Wenig;Teils;Wenig;Controlling – Marketing – Unternehmensberatung;38.000–50.000 €;44000;60000;mittel;2,3
Nachhaltige Klimatechnologien;Klimaingenieur/in (Nachhaltigkeit);Umweltmanager/in (Klimaschutz);Energiesysteme-Entwickler/in;Nachhaltigkeitsberater/in;Forschungsingenieur/in (Klimatechnik);Stark;Wenig;Wenig;Teils;Teils;Stark;Sehr stark;Wenig;Teils;Wenig;Controlling – Marketing – Unternehmensberatung;38.000–50.000 €;44000;60000;mittel;2,3
Nautik;Nautischer Offizier (SchiffsfÃ¼hrung);Hafenlogistik-Manager/in;Reeder-/Flottenmanager/in;Schiffsbetriebsingenieur/in;Lotse/Lotsin;Stark;Wenig;Wenig;Teils;Teils;Stark;Sehr stark;Wenig;Teils;Wenig;Controlling – Marketing – Unternehmensberatung;38.000–50.000 €;44000;60000;mittel;2,3
Optische Technologien;Entwicklungsingenieur/in (Optik);Laser-Techniker/in;Photonik-Spezialist/in;QualitÃ¤tsingenieur/in (Optikfertigung);Forschungsmitarbeiter/in (Optiklabor);Stark;Wenig;Wenig;Teils;Teils;Stark;Sehr stark;Wenig;Teils;Wenig;Controlling – Marketing – Unternehmensberatung;38.000–50.000 €;44000;60000;mittel;2,3
Pharmazeutische Biotechnologie;Pharma-Biotechnologe/-login (Produktion);QualitÃ¤tsmanager/in Pharma;Arzneimittel-Entwickler/in (Biopharma);Prozessingenieur/in (Pharmaproduktion);Wissenschaftliche/r Mitarbeiter/in (Pharmaforschung);Sehr stark;Wenig;Teils;Teils;Stark;Sehr stark;Sehr stark;Wenig;Teils;Wenig;Controlling – Marketing – Unternehmensberatung;38.000–50.000 €;44000;60000;mittel;2,3
PrÃ¤vention und Sporttherapie;Fitnesstrainer/in;Personal Trainer/in;Fitnessstudio-Manager/in;Medical Fitness Spezialist/in;Gesundheits- und PrÃ¤ventionsberater/in;Stark;Wenig;Sehr stark;Teils;Wenig;Teils;Stark;Stark;Sehr stark;Wenig;Sportpädagogik – Gesundheitsförderung – Rehabilitationssport;34.000–42.000 €;38000;50000;mittel-hoch;2,2
PrÃ¤vention, Sporttherapie und Gesundheitsmanagement;Fitnesstrainer/in;Personal Trainer/in;Fitnessstudio-Manager/in;Medical Fitness Spezialist/in;Gesundheits- und PrÃ¤ventionsberater/in;Teils;Wenig;Teils;Sehr stark;Stark;Teils;Sehr stark;Stark;Teils;Wenig;Sportpädagogik – Gesundheitsförderung – Rehabilitationssport;45.000–60.000 €;50000;70000;mittel-hoch;2,2
Produktionstechnik;Produktionsingenieur/in;Fertigungsplaner/in;Industrial Engineer (Prozessoptimierung);QualitÃ¤tsingenieur/in Produktion;Lean-Manager/in (Prozessmanagement);Stark;Wenig;Wenig;Teils;Teils;Stark;Sehr stark;Wenig;Teils;Wenig;Konstruktion – Produktion – Technische Entwicklung;52.000–65.000 €;58000;75000;hoch;2,3
Psychologie in Wirtschaft und Industrie;Personalreferent/in;Personal- und Organisationsentwickler/in;Personalberater/in (Consultant);Marktforscher/in;Headhunter/in (Recruiter);Teils;Wenig;Teils;Sehr stark;Stark;Teils;Sehr stark;Stark;Teils;Wenig;Klinische Psychologie – Arbeitspsychologie – Forschung;40.000–52.000 €;45000;60000;mittel-hoch;1,3
Psychologie mit Schwerpunkt Wirtschaft;Personalreferent/in;Personal- und Organisationsentwickler/in;Personalberater/in (Consultant);Marktforscher/in;Headhunter/in (Recruiter);Teils;Wenig;Teils;Sehr stark;Stark;Teils;Sehr stark;Stark;Teils;Wenig;Softwareentwicklung – IT-Consulting – Systemadministration;40.000–52.000 €;45000;60000;sehr hoch;zulassungsfrei
Renewable Energy;Renewable-Energy-Engineer (Erneuerbare-Energien-Ingenieur/in);Projektentwickler/in Wind- oder Solarparks;Energiesystemanalyst/in;Speichertechnik-Ingenieur/in;Nachhaltigkeitsberater/in;Stark;Wenig;Wenig;Teils;Teils;Stark;Sehr stark;Wenig;Teils;Wenig;Controlling – Marketing – Unternehmensberatung;38.000–50.000 €;44000;60000;mittel;2,3
Scientific Computing;Softwareentwickler/in (wissenschaftl. Software);IT-Consultant;Datenanalyst/in (wissenschaftlicher Bereich);Hochleistungsrechner-Administrator/in;Computational Scientist (Forschung);Sehr stark;Teils;Wenig;Teils;Stark;Stark;Sehr stark;Wenig;Teils;Wenig;Controlling – Marketing – Unternehmensberatung;38.000–50.000 €;44000;60000;mittel;2,3
Software Design;Softwareentwickler/in;IT-Consultant;UI/UX-Designer/in (Software);DevOps-Engineer (Softwarebetrieb);IT-Projektmanager/in;Sehr stark;Teils;Wenig;Teils;Stark;Stark;Sehr stark;Wenig;Teils;Wenig;Grafikdesign – Medienproduktion – Öffentlichkeitsarbeit;35.000–48.000 €;40000;55000;gering-mittel;zulassungsfrei
Software Engineering;Softwareentwickler/in;IT-Consultant;DevOps-Engineer (Softwarebetrieb);Software-Projektmanager/in;QualitÃ¤tsingenieur/in Software (Testing);Sehr stark;Teils;Wenig;Teils;Stark;Stark;Sehr stark;Wenig;Teils;Wenig;Controlling – Marketing – Unternehmensberatung;38.000–50.000 €;44000;60000;mittel;2,3
Sport - PrÃ¤vention und Rehabilitation;Fitnesstrainer/in;Personal Trainer/in;Fitnessstudio-Manager/in;Medical Fitness Spezialist/in;Gesundheits- und PrÃ¤ventionsberater/in;Sehr stark;Teils;Wenig;Teils;Stark;Stark;Sehr stark;Wenig;Teils;Wenig;Sportpädagogik – Gesundheitsförderung – Rehabilitationssport;55.000–70.000 €;60000;80000;mittel-hoch;2,2
Sport- und Gesundheitsmanagement;Gesundheitsmanager/in (Klinik/Pflegeeinrichtung);Betriebliche/r Gesundheitsmanager/in;PrÃ¤ventionsprojektleiter/in;Gesundheitsberater/in (z.B. Krankenkasse);GesundheitsÃ¶konom/in (Planung & Finanzierung);Teils;Wenig;Teils;Sehr stark;Stark;Teils;Sehr stark;Stark;Teils;Wenig;Sportpädagogik – Gesundheitsförderung – Rehabilitationssport;45.000–60.000 €;50000;70000;mittel-hoch;2,2
Sport und Leistung im Lebenslauf;Wissenschaftliche/r Mitarbeiter/in (Sportwissenschaft);Sporttrainer/in;Personal Trainer/in;Coach/Berater/in im Gesundheitswesen;Sporttherapeut/in;Stark;Wenig;Sehr stark;Teils;Wenig;Teils;Stark;Stark;Sehr stark;Wenig;Sportpädagogik – Gesundheitsförderung – Rehabilitationssport;34.000–42.000 €;38000;50000;mittel-hoch;2,2
Sport und PrÃ¤vention;Fitnesstrainer/in;Personal Trainer/in;Fitnessstudio-Manager/in;Medical Fitness Spezialist/in;Gesundheits- und PrÃ¤ventionsberater/in;Stark;Wenig;Sehr stark;Teils;Wenig;Teils;Stark;Stark;Sehr stark;Wenig;Sportpädagogik – Gesundheitsförderung – Rehabilitationssport;34.000–42.000 €;38000;50000;mittel-hoch;2,2
Sport, Gesundheit & Leistung im Lebensverlauf;Wissenschaftliche/r Mitarbeiter/in (Sportwissenschaft);Sporttrainer/in;Personal Trainer/in;Coach/Berater/in im Gesundheitswesen;Sporttherapeut/in;Stark;Wenig;Sehr stark;Teils;Wenig;Teils;Stark;Stark;Sehr stark;Wenig;Sportpädagogik – Gesundheitsförderung – Rehabilitationssport;55.000–70.000 €;60000;80000;mittel-hoch;2,2
Sport, Gesundheit, PrÃ¤vention;Fitnesstrainer/in;Personal Trainer/in;Fitnessstudio-Manager/in;Medical Fitness Spezialist/in;Gesundheits- und PrÃ¤ventionsberater/in;Stark;Wenig;Sehr stark;Teils;Wenig;Teils;Stark;Stark;Sehr stark;Wenig;Sportpädagogik – Gesundheitsförderung – Rehabilitationssport;55.000–70.000 €;60000;80000;mittel-hoch;2,2
Sport-/ Gesundheitsmanagement;Gesundheitsmanager/in (Klinik/Pflegeeinrichtung);Betriebliche/r Gesundheitsmanager/in;PrÃ¤ventionsprojektleiter/in;Gesundheitsberater/in (z.B. Krankenkasse);GesundheitsÃ¶konom/in (Planung & Finanzierung);Teils;Wenig;Teils;Sehr stark;Stark;Teils;Sehr stark;Stark;Teils;Wenig;Sportpädagogik – Gesundheitsförderung – Rehabilitationssport;45.000–60.000 €;50000;70000;mittel-hoch;2,2
Sport/ Leistung und Gesundheit;Wissenschaftliche/r Mitarbeiter/in (Sportwissenschaft);Sporttrainer/in;Personal Trainer/in;Coach/Berater/in im Gesundheitswesen;Sporttherapeut/in;Sehr stark;Teils;Wenig;Teils;Stark;Stark;Sehr stark;Wenig;Teils;Wenig;Sportpädagogik – Gesundheitsförderung – Rehabilitationssport;55.000–70.000 €;60000;80000;mittel-hoch;2,2
Sportbusiness Management;Sportvereinsmanager/in;Eventmanager/in (Sportevents);Marketingmanager/in im Sport;Sponsoring-Manager/in;SportÃ¶konom/in;Teils;Wenig;Stark;Sehr stark;Teils;Teils;Sehr stark;Sehr stark;Teils;Wenig;Sportpädagogik – Gesundheitsförderung – Rehabilitationssport;45.000–60.000 €;50000;70000;mittel-hoch;2,2
Sportmanagement;Sportvereinsmanager/in;Eventmanager/in (Sportevents);Marketingmanager/in im Sport;Sponsoring-Manager/in;SportÃ¶konom/in;Teils;Wenig;Stark;Sehr stark;Teils;Teils;Sehr stark;Sehr stark;Teils;Wenig;Sportmarketing Eventmanagement Vereinsführung;45.000–60.000 €;50000;70000;hoch;2,5
Sportmanagement (B.A.);Sportvereinsmanager/in;Eventmanager/in (Sportevents);Marketingmanager/in im Sport;Sponsoring-Manager/in;SportÃ¶konom/in;Teils;Wenig;Stark;Sehr stark;Teils;Teils;Sehr stark;Sehr stark;Teils;Wenig;Sportpädagogik – Gesundheitsförderung – Rehabilitationssport;45.000–60.000 €;50000;70000;mittel-hoch;2,2
Sportmanagement / SportÃ¶konomie;Sportvereinsmanager/in;Eventmanager/in (Sportevents);Marketingmanager/in im Sport;Sponsoring-Manager/in;SportÃ¶konom/in;Teils;Wenig;Stark;Sehr stark;Teils;Teils;Sehr stark;Sehr stark;Teils;Wenig;Sportpädagogik – Gesundheitsförderung – Rehabilitationssport;45.000–60.000 €;50000;70000;mittel-hoch;2,2
Sportmanagement und GesundheitsfÃ¶rderung;Fitnesstrainer/in;Personal Trainer/in;Fitnessstudio-Manager/in;Medical Fitness Spezialist/in;Gesundheits- und PrÃ¤ventionsberater/in;Teils;Wenig;Stark;Sehr stark;Teils;Teils;Sehr stark;Sehr stark;Teils;Wenig;Sportpädagogik – Gesundheitsförderung – Rehabilitationssport;45.000–60.000 €;50000;70000;mittel-hoch;2,2
Sportmanagement und PrÃ¤vention;Fitnesstrainer/in;Personal Trainer/in;Fitnessstudio-Manager/in;Medical Fitness Spezialist/in;Gesundheits- und PrÃ¤ventionsberater/in;Teils;Wenig;Stark;Sehr stark;Teils;Teils;Sehr stark;Sehr stark;Teils;Wenig;Sportpädagogik – Gesundheitsförderung – Rehabilitationssport;45.000–60.000 €;50000;70000;mittel-hoch;2,2
Sportmanagement und Sportgesundheit (B.A.);Fitnesstrainer/in;Personal Trainer/in;Fitnessstudio-Manager/in;Medical Fitness Spezialist/in;Gesundheits- und PrÃ¤ventionsberater/in;Teils;Wenig;Stark;Sehr stark;Teils;Teils;Sehr stark;Sehr stark;Teils;Wenig;Sportpädagogik – Gesundheitsförderung – Rehabilitationssport;45.000–60.000 €;50000;70000;mittel-hoch;2,2
Sportmanagement und Sportkommunikation;Sportvereinsmanager/in;Eventmanager/in (Sportevents);Marketingmanager/in im Sport;Sponsoring-Manager/in;SportÃ¶konom/in;Teils;Wenig;Stark;Sehr stark;Teils;Teils;Sehr stark;Sehr stark;Teils;Wenig;Sportpädagogik – Gesundheitsförderung – Rehabilitationssport;35.000–48.000 €;40000;55000;mittel-hoch;2,2
Sportmanagement, PrÃ¤vention und Rehabilitation;Fitnesstrainer/in;Personal Trainer/in;Fitnessstudio-Manager/in;Medical Fitness Spezialist/in;Gesundheits- und PrÃ¤ventionsberater/in;Teils;Wenig;Stark;Sehr stark;Teils;Teils;Sehr stark;Sehr stark;Teils;Wenig;Sportpädagogik – Gesundheitsförderung – Rehabilitationssport;45.000–60.000 €;50000;70000;mittel-hoch;2,2
Sports Science;Wissenschaftliche/r Mitarbeiter/in (Sportwissenschaft);Sporttrainer/in;Personal Trainer/in;Coach/Berater/in im Gesundheitswesen;Sporttherapeut/in;Stark;Wenig;Sehr stark;Teils;Wenig;Teils;Stark;Stark;Sehr stark;Wenig;Sportpädagogik – Gesundheitsförderung – Rehabilitationssport;34.000–42.000 €;38000;50000;mittel-hoch;2,2
Sportwissenschaft;Wissenschaftliche/r Mitarbeiter/in (Sportwissenschaft);Sporttrainer/in;Personal Trainer/in;Coach/Berater/in im Gesundheitswesen;Sporttherapeut/in;Stark;Wenig;Sehr stark;Teils;Wenig;Teils;Stark;Stark;Sehr stark;Wenig;Sportpädagogik Fitness Reha;34000-42000;380000;500000;mittel-hoch;2,2
Sportwissenschaft - Schwerpunkt Leistung und Gesundheit;Wissenschaftliche/r Mitarbeiter/in (Sportwissenschaft);Sporttrainer/in;Personal Trainer/in;Coach/Berater/in im Gesundheitswesen;Sporttherapeut/in;Stark;Wenig;Sehr stark;Teils;Wenig;Teils;Stark;Stark;Sehr stark;Wenig;Sportpädagogik – Gesundheitsförderung – Rehabilitationssport;55.000–70.000 €;60000;80000;mittel-hoch;2,2
Sportwissenschaft (Schwerpunkt Leistungsdiagnostik);Wissenschaftliche/r Mitarbeiter/in (Sportwissenschaft);Sporttrainer/in;Personal Trainer/in;Coach/Berater/in im Gesundheitswesen;Sporttherapeut/in;Stark;Wenig;Sehr stark;Teils;Wenig;Teils;Stark;Stark;Sehr stark;Wenig;Sportpädagogik – Gesundheitsförderung – Rehabilitationssport;34.000–42.000 €;38000;50000;mittel-hoch;2,2
Sportwissenschaft (Schwerpunkt Training und Gesundheit);Wissenschaftliche/r Mitarbeiter/in (Sportwissenschaft);Sporttrainer/in;Personal Trainer/in;Coach/Berater/in im Gesundheitswesen;Sporttherapeut/in;Stark;Wenig;Sehr stark;Teils;Wenig;Teils;Stark;Stark;Sehr stark;Wenig;Sportpädagogik – Gesundheitsförderung – Rehabilitationssport;55.000–70.000 €;60000;80000;mittel-hoch;2,2
Sportwissenschaft (Schwerpunkt Training und Leistung);Wissenschaftliche/r Mitarbeiter/in (Sportwissenschaft);Sporttrainer/in;Personal Trainer/in;Coach/Berater/in im Gesundheitswesen;Sporttherapeut/in;Stark;Wenig;Sehr stark;Teils;Wenig;Teils;Stark;Stark;Sehr stark;Wenig;Sportpädagogik – Gesundheitsförderung – Rehabilitationssport;55.000–70.000 €;60000;80000;mittel-hoch;2,2
Sportwissenschaft (Schwerpunkt Trainingswissenschaft);Wissenschaftliche/r Mitarbeiter/in (Sportwissenschaft);Sporttrainer/in;Personal Trainer/in;Coach/Berater/in im Gesundheitswesen;Sporttherapeut/in;Stark;Wenig;Sehr stark;Teils;Wenig;Teils;Stark;Stark;Sehr stark;Wenig;Sportpädagogik – Gesundheitsförderung – Rehabilitationssport;55.000–70.000 €;60000;80000;mittel-hoch;2,2
Sportwissenschaft und Informatik;Softwareentwickler/in;IT-Consultant (IT-Berater/in);Datenbank- oder Netzwerkadministrator/in;Webentwickler/in;IT-Projektmanager/in;Stark;Wenig;Sehr stark;Teils;Wenig;Teils;Stark;Stark;Sehr stark;Wenig;Sportpädagogik – Gesundheitsförderung – Rehabilitationssport;55.000–70.000 €;60000;80000;mittel-hoch;2,2
Sportwissenschaft, Schwerpunkt: Leistung, Training, Coaching;Wissenschaftliche/r Mitarbeiter/in (Sportwissenschaft);Sporttrainer/in;Personal Trainer/in;Coach/Berater/in im Gesundheitswesen;Sporttherapeut/in;Stark;Wenig;Sehr stark;Teils;Wenig;Teils;Stark;Stark;Sehr stark;Wenig;Sportpädagogik – Gesundheitsförderung – Rehabilitationssport;55.000–70.000 €;60000;80000;mittel-hoch;2,2
Sportwissenschaft, Schwerpunkt: Physical Fitness und Health;Wissenschaftliche/r Mitarbeiter/in (Sportwissenschaft);Sporttrainer/in;Personal Trainer/in;Coach/Berater/in im Gesundheitswesen;Sporttherapeut/in;Stark;Wenig;Sehr stark;Teils;Wenig;Teils;Stark;Stark;Sehr stark;Wenig;Sportpädagogik – Gesundheitsförderung – Rehabilitationssport;55.000–70.000 €;60000;80000;mittel-hoch;2,2
Sportwissenschaft, Schwerpunkt: Training und Gesundheit;Wissenschaftliche/r Mitarbeiter/in (Sportwissenschaft);Sporttrainer/in;Personal Trainer/in;Coach/Berater/in im Gesundheitswesen;Sporttherapeut/in;Stark;Wenig;Sehr stark;Teils;Wenig;Teils;Stark;Stark;Sehr stark;Wenig;Sportpädagogik – Gesundheitsförderung – Rehabilitationssport;55.000–70.000 €;60000;80000;mittel-hoch;2,2
Sportwissenschaft: Leistung und Gesundheit;Wissenschaftliche/r Mitarbeiter/in (Sportwissenschaft);Sporttrainer/in;Personal Trainer/in;Coach/Berater/in im Gesundheitswesen;Sporttherapeut/in;Stark;Wenig;Sehr stark;Teils;Wenig;Teils;Stark;Stark;Sehr stark;Wenig;Sportpädagogik – Gesundheitsförderung – Rehabilitationssport;55.000–70.000 €;60000;80000;mittel-hoch;2,2
Sportwissenschaftler: werden (Sportstudium);Sportlehrer/in;Sportjournalist/in;Sportwissenschaftler/in (Forschung);Vereinsmanager/in (Sportorganisation);Personal Trainer/in;Stark;Wenig;Sehr stark;Teils;Wenig;Teils;Stark;Stark;Sehr stark;Wenig;Sportpädagogik – Gesundheitsförderung – Rehabilitationssport;34.000–42.000 €;38000;50000;mittel-hoch;2,2
Technische Informatik;Embedded-Systems-Entwickler/in;Hardware/Software-Ingenieur/in;Automatisierungstechniker/in (IT);IT-Systemingenieur/in;Forschungsingenieur/in (Technische Informatik);Sehr stark;Teils;Wenig;Teils;Stark;Stark;Sehr stark;Wenig;Teils;Wenig;Softwareentwicklung – IT-Consulting – Systemadministration;55.000–70.000 €;60000;80000;sehr hoch;zulassungsfrei
Trainings- und Bewegungswissenschaft;Wissenschaftliche/r Mitarbeiter/in (Sportwissenschaft);Sporttrainer/in;Personal Trainer/in;Coach/Berater/in im Gesundheitswesen;Sporttherapeut/in;Stark;Wenig;Sehr stark;Teils;Wenig;Teils;Stark;Stark;Sehr stark;Wenig;Softwareentwicklung – IT-Consulting – Systemadministration;55.000–70.000 €;60000;80000;sehr hoch;zulassungsfrei
Umwelt- und Hygienetechnik;Umweltschutz-Techniker/in;Hygienebeauftragte/r (Technik);Umweltmesstechniker/in;Abfall- und Entsorgungsingenieur/in;QualitÃ¤tssicherung (Umwelt/Hygiene);Sehr stark;Wenig;Teils;Teils;Stark;Sehr stark;Sehr stark;Wenig;Teils;Wenig;Konstruktion – Produktion – Technische Entwicklung;52.000–65.000 €;58000;75000;hoch;2,3
Umweltingenieurwissenschaften;Umweltingenieur/in (Planung);Nachhaltigkeitsmanager/in;Umweltgutachter/in;Projektingenieur/in (Altlastensanierung);Klimaschutzmanager/in;Stark;Wenig;Wenig;Teils;Teils;Stark;Sehr stark;Wenig;Teils;Wenig;Konstruktion – Produktion – Technische Entwicklung;52.000–65.000 €;58000;75000;hoch;2,3
Umweltschutz;Umweltschutzfachkraft;Umweltberater/in;Naturschutz-Referent/in;Projektleiter/in Umweltschutz;Nachhaltigkeitsbeauftragte/r;Sehr stark;Wenig;Teils;Teils;Stark;Sehr stark;Sehr stark;Wenig;Teils;Wenig;Controlling – Marketing – Unternehmensberatung;38.000–50.000 €;44000;60000;mittel;2,3
Verwaltungswissenschaft;Unternehmensberater/in;Controller/in;Projektmanager/in;Verwaltungsfachwirt/in (Ã¶ffentlicher Dienst);Referent/in in Verwaltung (BehÃ¶rde);Teils;Wenig;Teils;Sehr stark;Stark;Teils;Sehr stark;Stark;Teils;Wenig;Controlling – Marketing – Unternehmensberatung;38.000–50.000 €;44000;60000;mittel;2,3
Verwaltungswissenschaften;Unternehmensberater/in;Controller/in;Projektmanager/in;Verwaltungsfachwirt/in (Ã¶ffentlicher Dienst);Referent/in in Verwaltung (BehÃ¶rde);Teils;Wenig;Teils;Sehr stark;Stark;Teils;Sehr stark;Stark;Teils;Wenig;Controlling – Marketing – Unternehmensberatung;38.000–50.000 €;44000;60000;mittel;2,3
Werkstoff- und Funktionsentwicklung;Werkstoffingenieur/in (F&E);MaterialprÃ¼fer/in;Entwicklungsingenieur/in (Neue Materialien);QualitÃ¤tsingenieur/in (Werkstoffe);Produktentwickler/in (Werkstofftechnik);Stark;Wenig;Wenig;Teils;Teils;Stark;Sehr stark;Wenig;Teils;Wenig;Controlling – Marketing – Unternehmensberatung;38.000–50.000 €;44000;60000;mittel;2,3
Wirtschaftsinformatik;Softwareentwickler/in;IT-Consultant;Business Analyst (IT);Projektmanager/in IT-Projekte;Datenbankadministrator/in;Teils;Wenig;Teils;Sehr stark;Stark;Teils;Sehr stark;Stark;Teils;Wenig;IT-Management Business Analytics;45.000–60.000 €;50000;70000;sehr hoch;2,2
Wirtschaftsinformatik (B.Sc.);Softwareentwickler/in;IT-Consultant;Business Analyst (IT);Projektmanager/in IT-Projekte;Datenbankadministrator/in;Teils;Wenig;Teils;Sehr stark;Stark;Teils;Sehr stark;Stark;Teils;Wenig;Softwareentwicklung – IT-Consulting – Systemadministration;45.000–60.000 €;50000;70000;sehr hoch;zulassungsfrei
Wirtschaftsinformatik (B.Sc.) - Data Science;Data Scientist;Datenanalyst/in;Data Engineer (Dateningenieur/in);Machine-Learning-Engineer;Business Analyst;Teils;Wenig;Teils;Sehr stark;Stark;Teils;Sehr stark;Stark;Teils;Wenig;Softwareentwicklung – IT-Consulting – Systemadministration;45.000–60.000 €;50000;70000;sehr hoch;zulassungsfrei
Wirtschaftsinformatik (B.Sc.) - International Management;Softwareentwickler/in;IT-Consultant;Business Analyst (IT);Projektmanager/in IT-Projekte;Datenbankadministrator/in;Teils;Wenig;Teils;Sehr stark;Stark;Teils;Sehr stark;Stark;Teils;Wenig;Softwareentwicklung – IT-Consulting – Systemadministration;45.000–60.000 €;50000;70000;sehr hoch;zulassungsfrei
Wirtschaftsinformatik (B.Sc.) - Studium online;Softwareentwickler/in;IT-Consultant;Business Analyst (IT);Projektmanager/in IT-Projekte;Datenbankadministrator/in;Teils;Wenig;Teils;Sehr stark;Stark;Teils;Sehr stark;Stark;Teils;Wenig;Softwareentwicklung – IT-Consulting – Systemadministration;45.000–60.000 €;50000;70000;sehr hoch;zulassungsfrei
Wirtschaftsinformatik (B.Sc.) (Vollzeitstudium);Softwareentwickler/in;IT-Consultant;Business Analyst (IT);Projektmanager/in IT-Projekte;Datenbankadministrator/in;Teils;Wenig;Teils;Sehr stark;Stark;Teils;Sehr stark;Stark;Teils;Wenig;Softwareentwicklung – IT-Consulting – Systemadministration;45.000–60.000 €;50000;70000;sehr hoch;zulassungsfrei
Wirtschaftsinformatik (B.Sc.)/ Business Information Systems (B.Sc.);Softwareentwickler/in;IT-Consultant;Business Analyst (IT);Projektmanager/in IT-Projekte;Datenbankadministrator/in;Teils;Wenig;Teils;Sehr stark;Stark;Teils;Sehr stark;Stark;Teils;Wenig;Softwareentwicklung – IT-Consulting – Systemadministration;45.000–60.000 €;50000;70000;sehr hoch;zulassungsfrei
Wirtschaftsinformatik (Fernstudium);Softwareentwickler/in;IT-Consultant;Business Analyst (IT);Projektmanager/in IT-Projekte;Datenbankadministrator/in;Teils;Wenig;Teils;Sehr stark;Stark;Teils;Sehr stark;Stark;Teils;Wenig;Softwareentwicklung – IT-Consulting – Systemadministration;45.000–60.000 €;50000;70000;sehr hoch;zulassungsfrei
Wirtschaftsinformatik (online);Softwareentwickler/in;IT-Consultant;Business Analyst (IT);Projektmanager/in IT-Projekte;Datenbankadministrator/in;Teils;Wenig;Teils;Sehr stark;Stark;Teils;Sehr stark;Stark;Teils;Wenig;Softwareentwicklung – IT-Consulting – Systemadministration;45.000–60.000 €;50000;70000;sehr hoch;zulassungsfrei
Wirtschaftsinformatik (Vollzeitstudium);Softwareentwickler/in;IT-Consultant;Business Analyst (IT);Projektmanager/in IT-Projekte;Datenbankadministrator/in;Teils;Wenig;Teils;Sehr stark;Stark;Teils;Sehr stark;Stark;Teils;Wenig;Softwareentwicklung – IT-Consulting – Systemadministration;45.000–60.000 €;50000;70000;sehr hoch;zulassungsfrei
Wirtschaftsinformatik/ Business Information Systems;Softwareentwickler/in;IT-Consultant;Business Analyst (IT);Projektmanager/in IT-Projekte;Datenbankadministrator/in;Teils;Wenig;Teils;Sehr stark;Stark;Teils;Sehr stark;Stark;Teils;Wenig;Softwareentwicklung – IT-Consulting – Systemadministration;45.000–60.000 €;50000;70000;sehr hoch;zulassungsfrei
Wirtschaftsinformatik/ Business Information Systems;Softwareentwickler/in;IT-Consultant;Business Analyst (IT);Projektmanager/in IT-Projekte;Datenbankadministrator/in;Teils;Wenig;Teils;Sehr stark;Stark;Teils;Sehr stark;Stark;Teils;Wenig;Softwareentwicklung – IT-Consulting – Systemadministration;45.000–60.000 €;50000;70000;sehr hoch;zulassungsfrei
Wirtschaftsingenieur/ -in Eisenbahnwesen;Verkehrsingenieur/in (Bahn);Logistikmanager/in (Schiene);Projektmanager/in Bahntechnik;Controlling-Spezialist/in (Bahnunternehmen);Unternehmensberater/in (Rail Consulting);Teils;Wenig;Teils;Sehr stark;Stark;Teils;Sehr stark;Stark;Teils;Wenig;Controlling – Marketing – Unternehmensberatung;52.000–65.000 €;58000;75000;mittel;2,3
Wirtschaftspsychologie;Personalreferent/in;Personal- und Organisationsentwickler/in;Personalberater/in (Consultant);Marktforscher/in;Headhunter/in (Recruiter);Teils;Wenig;Teils;Sehr stark;Stark;Teils;Sehr stark;Stark;Teils;Wenig;Klinische Psychologie – Arbeitspsychologie – Forschung;40.000–52.000 €;45000;60000;mittel-hoch;1,3
Wirtschaftspsychologie & Beratung;Personalreferent/in;Personal- und Organisationsentwickler/in;Personalberater/in (Consultant);Marktforscher/in;Headhunter/in (Recruiter);Teils;Wenig;Teils;Sehr stark;Stark;Teils;Sehr stark;Stark;Teils;Wenig;Klinische Psychologie – Arbeitspsychologie – Forschung;40.000–52.000 €;45000;60000;mittel-hoch;1,3
Wirtschaftspsychologie (B.A.);Personalreferent/in;Personal- und Organisationsentwickler/in;Personalberater/in (Consultant);Marktforscher/in;Headhunter/in (Recruiter);Teils;Wenig;Teils;Sehr stark;Stark;Teils;Sehr stark;Stark;Teils;Wenig;Klinische Psychologie – Arbeitspsychologie – Forschung;40.000–52.000 €;45000;60000;mittel-hoch;1,3
Wirtschaftspsychologie (Business Psychology);Personalreferent/in;Personal- und Organisationsentwickler/in;Personalberater/in (Consultant);Marktforscher/in;Headhunter/in (Recruiter);Teils;Wenig;Teils;Sehr stark;Stark;Teils;Sehr stark;Stark;Teils;Wenig;Klinische Psychologie – Arbeitspsychologie – Forschung;40.000–52.000 €;45000;60000;mittel-hoch;1,3
Wirtschaftspsychologie (Fernstudium);Personalreferent/in;Personal- und Organisationsentwickler/in;Personalberater/in (Consultant);Marktforscher/in;Headhunter/in (Recruiter);Teils;Wenig;Teils;Sehr stark;Stark;Teils;Sehr stark;Stark;Teils;Wenig;Klinische Psychologie – Arbeitspsychologie – Forschung;40.000–52.000 €;45000;60000;mittel-hoch;1,3
Wirtschaftspsychologie (ISBA);Personalreferent/in;Personal- und Organisationsentwickler/in;Personalberater/in (Consultant);Marktforscher/in;Headhunter/in (Recruiter);Teils;Wenig;Teils;Sehr stark;Stark;Teils;Sehr stark;Stark;Teils;Wenig;Klinische Psychologie – Arbeitspsychologie – Forschung;40.000–52.000 €;45000;60000;mittel-hoch;1,3
Wirtschaftspsychologie (online);Personalreferent/in;Personal- und Organisationsentwickler/in;Personalberater/in (Consultant);Marktforscher/in;Headhunter/in (Recruiter);Teils;Wenig;Teils;Sehr stark;Stark;Teils;Sehr stark;Stark;Teils;Wenig;Klinische Psychologie – Arbeitspsychologie – Forschung;40.000–52.000 €;45000;60000;mittel-hoch;1,3
Wirtschaftspsychologie (Schwerpunkt Personal- und Organisationsentwicklung);Personalreferent/in;Personal- und Organisationsentwickler/in;Personalberater/in (Consultant);Marktforscher/in;Headhunter/in (Recruiter);Teils;Wenig;Teils;Sehr stark;Stark;Teils;Sehr stark;Stark;Teils;Wenig;Klinische Psychologie – Arbeitspsychologie – Forschung;40.000–52.000 €;45000;60000;mittel-hoch;1,3
Wirtschaftspsychologie (Studium mit vertiefter Praxis);Personalreferent/in;Personal- und Organisationsentwickler/in;Personalberater/in (Consultant);Marktforscher/in;Headhunter/in (Recruiter);Teils;Wenig;Teils;Sehr stark;Stark;Teils;Sehr stark;Stark;Teils;Wenig;Softwareentwicklung – IT-Consulting – Systemadministration;40.000–52.000 €;45000;60000;sehr hoch;zulassungsfrei
Wirtschaftspsychologie (Vollzeitstudium);Personalreferent/in;Personal- und Organisationsentwickler/in;Personalberater/in (Consultant);Marktforscher/in;Headhunter/in (Recruiter);Teils;Wenig;Teils;Sehr stark;Stark;Teils;Sehr stark;Stark;Teils;Wenig;Softwareentwicklung – IT-Consulting – Systemadministration;40.000–52.000 €;45000;60000;sehr hoch;zulassungsfrei
Wirtschaftspsychologie (WING);Personalreferent/in;Personal- und Organisationsentwickler/in;Personalberater/in (Consultant);Marktforscher/in;Headhunter/in (Recruiter);Teils;Wenig;Teils;Sehr stark;Stark;Teils;Sehr stark;Stark;Teils;Wenig;Klinische Psychologie – Arbeitspsychologie – Forschung;40.000–52.000 €;45000;60000;mittel-hoch;1,3
Wirtschaftspsychologie mit Schwerpunkt Personal- und Organisationsentwicklung (B.A.);Personalreferent/in;Personal- und Organisationsentwickler/in;Personalberater/in (Consultant);Marktforscher/in;Headhunter/in (Recruiter);Teils;Wenig;Teils;Sehr stark;Stark;Teils;Sehr stark;Stark;Teils;Wenig;Softwareentwicklung – IT-Consulting – Systemadministration;40.000–52.000 €;45000;60000;sehr hoch;zulassungsfrei
Wirtschaftspsychologie und -beratung;Personalreferent/in;Personal- und Organisationsentwickler/in;Personalberater/in (Consultant);Marktforscher/in;Headhunter/in (Recruiter);Teils;Wenig;Teils;Sehr stark;Stark;Teils;Sehr stark;Stark;Teils;Wenig;Klinische Psychologie – Arbeitspsychologie – Forschung;40.000–52.000 €;45000;60000;mittel-hoch;1,3
Wirtschaftspsychologie und Beratung (B.A.);Personalreferent/in;Personal- und Organisationsentwickler/in;Personalberater/in (Consultant);Marktforscher/in;Headhunter/in (Recruiter);Teils;Wenig;Teils;Sehr stark;Stark;Teils;Sehr stark;Stark;Teils;Wenig;Klinische Psychologie – Arbeitspsychologie – Forschung;40.000–52.000 €;45000;60000;mittel-hoch;1,3
