Studiengang;Beruf_1;Beruf_2;Beruf_3;Beruf_4;Beruf_5;Investigative;Artistic;Social;Enterprising;Conventional;Openness;Conscientiousness;Extraversion;Agreeableness;Neuroticism;Berufsfelder TOP3;Einstieg spanne;Einstiegsgehalt;Gehalt nach 5 Jahren;Arbeitsmarktbedarf;NC;Realistic_Technik;Realistic_Bewegung
Allgemeiner Maschinenbau (KIA);Konstrukteur/in (Allg. Maschinenbau);Entwicklungsingenieur/in;Fertigungsingenieur/in;Vertriebsingenieur/in (Maschinen);Projektmanager/in Technik;Sehr stark;Teils;Wenig;Teils;Stark;Stark;Sehr stark;Wenig;Teils;Wenig;Softwareentwicklung – IT-Consulting – Systemadministration;52.000–65.000 €;58000;75000;sehr hoch;zulassungsfrei;sehr stark;wenig
Angewandte Biologie für Medizin und Pharmazie;Biomedizinische/r Laborant/in;Pharmatechnologe/-technologin (Produktion);Qualitätsmanager/in Pharma;Klinische/r Monitor (Studien);Forschungsbiologe/in (medizinisch);Sehr stark;Wenig;Teils;Teils;Stark;Sehr stark;Sehr stark;Wenig;Teils;Wenig;Controlling – Marketing – Unternehmensberatung;38.000–50.000 €;44000;60000;mittel;2,3;teils;wenig
Angewandte Geographie;Stadt- und Raumplaner/in;Geomarketing-Analyst/in;Geographische/r Informationssystem-Manager/in;Umweltberater/in (Raumplanung);Projektmanager/in Regionalentwicklung;Sehr stark;Wenig;Teils;Teils;Stark;Sehr stark;Sehr stark;Wenig;Teils;Wenig;Controlling – Marketing – Unternehmensberatung;38.000–50.000 €;44000;60000;mittel;2,3;wenig;wenig
Angewandte Geowissenschaften;Geologe/Geowissenschaftler (Erkundung);Hydrologe/in;Bodenschutz-Experte/in;Explorationsgeologe/in (Rohstoffe);Umweltberater/in (Georisiken);Sehr stark;Wenig;Teils;Teils;Stark;Sehr stark;Sehr stark;Wenig;Teils;Wenig;Controlling – Marketing – Unternehmensberatung;38.000–50.000 €;44000;60000;mittel;2,3;stark;wenig
Angewandte Informatik;Softwareentwickler/in;IT-Consultant;Netzwerkadministrator/in;Datenbankentwickler/in;IT-Projektmanager/in;Sehr stark;Teils;Wenig;Teils;Stark;Stark;Sehr stark;Wenig;Teils;Wenig;Softwareentwicklung – IT-Consulting – Systemadministration;55.000–70.000 €;60000;80000;sehr hoch;zulassungsfrei;sehr stark;wenig
Angewandte Informatik - Ingenieur- oder Medieninformatik;Softwareentwickler/in;IT-Consultant;Systemadministrator/in;Medieninformatiker/in (UX/UI);IT-Projektmanager/in;Sehr stark;Teils;Wenig;Teils;Stark;Stark;Sehr stark;Wenig;Teils;Wenig;Softwareentwicklung – IT-Consulting – Systemadministration;35.000–48.000 €;40000;55000;sehr hoch;zulassungsfrei;sehr stark;wenig
Angewandte Psychologie (Wirtschaftspsychologie);Personalreferent/in;Personal- und Organisationsentwickler/in;Personalberater/in (Consultant);Marktforscher/in;Headhunter/in (Recruiter);Teils;Wenig;Teils;Sehr stark;Stark;Teils;Sehr stark;Stark;Teils;Wenig;Klinische Psychologie – Arbeitspsychologie – Forschung;40.000–52.000 €;45000;60000;mittel-hoch;1,3;wenig;wenig
Angewandte Sportwissenschaft;Wissenschaftliche/r Mitarbeiter/in (Sportwissenschaft);Sporttrainer/in;Personal Trainer/in;Coach/Berater/in im Gesundheitswesen;Sporttherapeut/in;Stark;Wenig;Sehr stark;Teils;Wenig;Teils;Stark;Stark;Sehr stark;Wenig;Sportpädagogik – Gesundheitsförderung – Rehabilitationssport;34.000–42.000 €;38000;50000;mittel-hoch;2,2;wenig;sehr stark
Angewandte Sportwissenschaft (Schwerpunkt Leistungssport);Wissenschaftliche/r Mitarbeiter/in (Sportwissenschaft);Sporttrainer/in;Personal Trainer/in;Coach/Berater/in im Gesundheitswesen;Sporttherapeut/in;Stark;Wenig;Sehr stark;Teils;Wenig;Teils;Stark;Stark;Sehr stark;Wenig;Sportpädagogik – Gesundheitsförderung – Rehabilitationssport;34.000–42.000 €;38000;50000;mittel-hoch;2,2;wenig;sehr stark
Angewandte Sportwissenschaft (Schwerpunkt Spitzensport und Training);Wissenschaftliche/r Mitarbeiter/in (Sportwissenschaft);Sporttrainer/in;Personal Trainer/in;Coach/Berater/in im Gesundheitswesen;Sporttherapeut/in;Stark;Wenig;Sehr stark;Teils;Wenig;Teils;Stark;Stark;Sehr stark;Wenig;Sportpädagogik – Gesundheitsförderung – Rehabilitationssport;55.000–70.000 €;60000;80000;mittel-hoch;2,2;wenig;sehr stark
Angewandte Sportwissenschaft, Schwerpunkt Leistungssport;Wissenschaftliche/r Mitarbeiter/in (Sportwissenschaft);Sporttrainer/in;Personal Trainer/in;Coach/Berater/in im Gesundheitswesen;Sporttherapeut/in;Stark;Wenig;Sehr stark;Teils;Wenig;Teils;Stark;Stark;Sehr stark;Wenig;Sportpädagogik – Gesundheitsförderung – Rehabilitationssport;34.000–42.000 €;38000;50000;mittel-hoch;2,2;wenig;sehr stark
Angewandte Sportwissenschaften;Wissenschaftliche/r Mitarbeiter/in (Sportwissenschaft);Sporttrainer/in;Personal Trainer/in;Coach/Berater/in im Gesundheitswesen;Sporttherapeut/in;Stark;Wenig;Sehr stark;Teils;Wenig;Teils;Stark;Stark;Sehr stark;Wenig;Sportpädagogik – Gesundheitsförderung – Rehabilitationssport;34.000–42.000 €;38000;50000;mittel-hoch;2,2;wenig;sehr stark
Angewandte Sportwissenschaften mit Schwerpunkt Training und Gesundheit;Wissenschaftliche/r Mitarbeiter/in (Sportwissenschaft);Sporttrainer/in;Personal Trainer/in;Coach/Berater/in im Gesundheitswesen;Sporttherapeut/in;Stark;Wenig;Sehr stark;Teils;Wenig;Teils;Stark;Stark;Sehr stark;Wenig;Sportpädagogik – Gesundheitsförderung – Rehabilitationssport;55.000–70.000 €;60000;80000;mittel-hoch;2,2;wenig;sehr stark
Angewandte Umweltinformatik und Erdbeobachtung;Geoinformatiker/in (Umweltmonitoring);Fernerkundungs-Analyst/in;Datenbankentwickler/in (Umweltdaten);IT-Projektleiter/in (Umweltsektor);Klimadaten-Analyst/in;Sehr stark;Teils;Wenig;Teils;Stark;Stark;Sehr stark;Wenig;Teils;Wenig;Softwareentwicklung – IT-Consulting – Systemadministration;55.000–70.000 €;60000;80000;sehr hoch;zulassungsfrei;stark;wenig
Arbeits- und Organisationspsychologie;Personalreferent/in;Personal- und Organisationsentwickler/in;Personalberater/in (Consultant);Marktforscher/in;Headhunter/in (Recruiter);Stark;Wenig;Stark;Teils;Teils;Stark;Stark;Stark;Sehr stark;Wenig;Softwareentwicklung – IT-Consulting – Systemadministration;40.000–52.000 €;45000;60000;sehr hoch;zulassungsfrei;stark;wenig
Artificial Intelligence;Data Scientist;KI-Engineer (AI-Engineer);Machine-Learning-Spezialist/in;Softwareentwickler/in KI;AI-Consultant (Berater/in KI);Sehr stark;Teils;Wenig;Teils;Stark;Stark;Sehr stark;Wenig;Teils;Wenig;Controlling – Marketing – Unternehmensberatung;38.000–50.000 €;44000;60000;mittel;2,3;wenig;wenig
Artificial Intelligence;Data Scientist;KI-Engineer (AI-Engineer);Machine-Learning-Spezialist/in;Softwareentwickler/in KI;AI-Consultant (Berater/in KI);Sehr stark;Teils;Wenig;Teils;Stark;Stark;Sehr stark;Wenig;Teils;Wenig;Controlling – Marketing – Unternehmensberatung;38.000–50.000 €;44000;60000;mittel;2,3;wenig;wenig
Artificial Intelligence (M.Sc.);Data Scientist;KI-Engineer (AI-Engineer);Machine-Learning-Spezialist/in;Softwareentwickler/in KI;AI-Consultant (Berater/in KI);Sehr stark;Teils;Wenig;Teils;Stark;Stark;Sehr stark;Wenig;Teils;Wenig;Controlling – Marketing – Unternehmensberatung;38.000–50.000 €;44000;60000;mittel;2,3;wenig;wenig
Automotive Engineering;Entwicklungsingenieur/in (Fahrzeugtechnik);Fahrzeugdiagnose-Ingenieur/in;Versuchsingenieur/in Automotive;Produktionsplaner/in Automotive;Qualitätsingenieur/in (Automotive);Stark;Wenig;Wenig;Teils;Teils;Stark;Sehr stark;Wenig;Teils;Wenig;Controlling – Marketing – Unternehmensberatung;38.000–50.000 €;44000;60000;mittel;2,3;wenig;wenig
Automotive Engineering (M.Eng.);Entwicklungsingenieur/in (Fahrzeugtechnik);Fahrzeugdiagnose-Ingenieur/in;Versuchsingenieur/in Automotive;Produktionsplaner/in Automotive;Qualitätsingenieur/in (Automotive);Stark;Wenig;Wenig;Teils;Teils;Stark;Sehr stark;Wenig;Teils;Wenig;Controlling – Marketing – Unternehmensberatung;38.000–50.000 €;44000;60000;mittel;2,3;wenig;wenig
Bahningeneurwesen;Verkehrsingenieur/in (Schienenverkehr);Projektleiter/in Schienen-Infrastruktur;Bahntechnik-Ingenieur/in;Sicherheitsingenieur/in (Bahn);Signal- und Leittechnik-Experte/in;Stark;Wenig;Wenig;Teils;Teils;Stark;Sehr stark;Wenig;Teils;Wenig;Controlling – Marketing – Unternehmensberatung;38.000–50.000 €;44000;60000;mittel;2,3;wenig;wenig
Bahningenieurwesen - Bachelor of Engineering;Verkehrsingenieur/in (Schienenverkehr);Projektleiter/in Schienen-Infrastruktur;Bahntechnik-Ingenieur/in;Sicherheitsingenieur/in (Bahn);Signal- und Leittechnik-Experte/in;Stark;Wenig;Wenig;Teils;Teils;Stark;Sehr stark;Wenig;Teils;Wenig;Konstruktion – Produktion – Technische Entwicklung;52.000–65.000 €;58000;75000;hoch;2,3;teils;wenig
Bahningenieurwesen - Eisenbahnwesen;Verkehrsingenieur/in (Schienenverkehr);Projektleiter/in Schienen-Infrastruktur;Bahntechnik-Ingenieur/in;Sicherheitsingenieur/in (Bahn);Signal- und Leittechnik-Experte/in;Stark;Wenig;Wenig;Teils;Teils;Stark;Sehr stark;Wenig;Teils;Wenig;Konstruktion – Produktion – Technische Entwicklung;52.000–65.000 €;58000;75000;hoch;2,3;teils;wenig
Bahningenieurwesen â€“ MobilitÃ¤t und Logistik;Verkehrsingenieur/in (Schienenverkehr);Logistikmanager/in (Bahnsektor);Bahntechnik-Ingenieur/in;MobilitÃ¤tsberater/in (Ã–PNV);Projektmanager/in Bahninfrastruktur;Teils;Wenig;Teils;Sehr stark;Stark;Teils;Sehr stark;Stark;Teils;Wenig;Softwareentwicklung – IT-Consulting – Systemadministration;52.000–65.000 €;58000;75000;sehr hoch;zulassungsfrei;stark;wenig
Bahningenieurwesen/ Railway Engineering;Verkehrsingenieur/in (Schienenverkehr);Projektleiter/in Schienen-Infrastruktur;Bahntechnik-Ingenieur/in;Sicherheitsingenieur/in (Bahn);Signal- und Leittechnik-Experte/in;Stark;Wenig;Wenig;Teils;Teils;Stark;Sehr stark;Wenig;Teils;Wenig;Softwareentwicklung – IT-Consulting – Systemadministration;52.000–65.000 €;58000;75000;sehr hoch;zulassungsfrei;stark;wenig
Bahnsysteme (B.Eng.);Verkehrsingenieur/in (Schienenverkehr);Projektleiter/in Schienen-Infrastruktur;Bahntechnik-Ingenieur/in;Sicherheitsingenieur/in (Bahn);Signal- und Leittechnik-Experte/in;Stark;Wenig;Wenig;Teils;Teils;Stark;Sehr stark;Wenig;Teils;Wenig;Controlling – Marketing – Unternehmensberatung;38.000–50.000 €;44000;60000;mittel;2,3;teils;wenig
Bahnsystemingenieurwesen;Verkehrsingenieur/in (Schienenverkehr);Projektleiter/in Schienen-Infrastruktur;Bahntechnik-Ingenieur/in;Sicherheitsingenieur/in (Bahn);Signal- und Leittechnik-Experte/in;Stark;Wenig;Wenig;Teils;Teils;Stark;Sehr stark;Wenig;Teils;Wenig;Konstruktion – Produktion – Technische Entwicklung;52.000–65.000 €;58000;75000;hoch;2,3;teils;wenig
Barrierefreie Systeme;Softwareentwickler/in (Assistenzsysteme);UX-Designer/in (barrierefreie Anwendungen);Reha-Technik Entwickler/in;IT-Consultant (Accessibility);Projektmanager/in Inklusionstechnologien;Sehr stark;Teils;Wenig;Teils;Stark;Stark;Sehr stark;Wenig;Teils;Wenig;Controlling – Marketing – Unternehmensberatung;38.000–50.000 €;44000;60000;mittel;2,3;teils;wenig
Betriebswirtschaft;Unternehmensberater/in;Controller/in;IT-Consultant;Projektmanager/in;Marketing Manager/in;Teils;Wenig;Teils;Sehr stark;Stark;Teils;Sehr stark;Stark;Teils;Wenig;Controlling – Marketing – Unternehmensberatung;45.000–60.000 €;50000;70000;mittel;2,3;wenig;wenig
Betriebswirtschaftslehre;Unternehmensberater/in;Controller/in;IT-Consultant;Projektmanager/in;Marketing Manager/in;Teils;Wenig;Teils;Sehr stark;Stark;Teils;Sehr stark;Stark;Teils;Wenig;Controlling – Marketing – Unternehmensberatung;45.000–60.000 €;50000;70000;mittel;2,3;wenig;wenig
Betriebswirtschaftslehre - Business Administration;Unternehmensberater/in;Controller/in;IT-Consultant;Projektmanager/in;Marketing Manager/in;Teils;Wenig;Teils;Sehr stark;Stark;Teils;Sehr stark;Stark;Teils;Wenig;Controlling – Marketing – Unternehmensberatung;45.000–60.000 €;50000;70000;mittel;2,3;wenig;wenig
Betriebswirtschaftslehre - Finanzmanagement;Unternehmensberater/in;Controller/in;IT-Consultant;Projektmanager/in;Marketing Manager/in;Teils;Wenig;Teils;Sehr stark;Stark;Teils;Sehr stark;Stark;Teils;Wenig;Controlling – Marketing – Unternehmensberatung;45.000–60.000 €;50000;70000;mittel;2,3;wenig;wenig
Betriebswirtschaftslehre - Internationales Management;Unternehmensberater/in;Controller/in;IT-Consultant;Projektmanager/in;Marketing Manager/in;Teils;Wenig;Teils;Sehr stark;Stark;Teils;Sehr stark;Stark;Teils;Wenig;Controlling – Marketing – Unternehmensberatung;45.000–60.000 €;50000;70000;mittel;2,3;wenig;wenig
Betriebswirtschaftslehre (B.A.);Unternehmensberater/in;Controller/in;IT-Consultant;Projektmanager/in;Marketing Manager/in;Teils;Wenig;Teils;Sehr stark;Stark;Teils;Sehr stark;Stark;Teils;Wenig;Controlling – Marketing – Unternehmensberatung;45.000–60.000 €;50000;70000;mittel;2,3;wenig;wenig
Betriebswirtschaftslehre (Fernstudium);Unternehmensberater/in;Controller/in;IT-Consultant;Projektmanager/in;Marketing Manager/in;Teils;Wenig;Teils;Sehr stark;Stark;Teils;Sehr stark;Stark;Teils;Wenig;Controlling – Marketing – Unternehmensberatung;45.000–60.000 €;50000;70000;mittel;2,3;wenig;wenig
Betriebswirtschaftslehre (Stipendium);Unternehmensberater/in;Controller/in;IT-Consultant;Projektmanager/in;Marketing Manager/in;Teils;Wenig;Teils;Sehr stark;Stark;Teils;Sehr stark;Stark;Teils;Wenig;Controlling – Marketing – Unternehmensberatung;45.000–60.000 €;50000;70000;mittel;2,3;wenig;wenig
Betriebswirtschaftslehre (Wirtschaft neu denken);Unternehmensberater/in;Controller/in;IT-Consultant;Projektmanager/in;Marketing Manager/in;Teils;Wenig;Teils;Sehr stark;Stark;Teils;Sehr stark;Stark;Teils;Wenig;Controlling – Marketing – Unternehmensberatung;45.000–60.000 €;50000;70000;mittel;2,3;wenig;wenig
Betriebswirtschaftslehre, International Business;Unternehmensberater/in;Controller/in;IT-Consultant;Projektmanager/in;Marketing Manager/in;Teils;Wenig;Teils;Sehr stark;Stark;Teils;Sehr stark;Stark;Teils;Wenig;Controlling – Marketing – Unternehmensberatung;45.000–60.000 €;50000;70000;mittel;2,3;wenig;wenig
Betriebswirtschaftslehre, International Business;Unternehmensberater/in;Controller/in;IT-Consultant;Projektmanager/in;Marketing Manager/in;Teils;Wenig;Teils;Sehr stark;Stark;Teils;Sehr stark;Stark;Teils;Wenig;Controlling – Marketing – Unternehmensberatung;45.000–60.000 €;50000;70000;mittel;2,3;wenig;wenig
Betriebswirtschaftslehre, International Business (B.A.);Unternehmensberater/in;Controller/in;IT-Consultant;Projektmanager/in;Marketing Manager/in;Teils;Wenig;Teils;Sehr stark;Stark;Teils;Sehr stark;Stark;Teils;Wenig;Controlling – Marketing – Unternehmensberatung;45.000–60.000 €;50000;70000;mittel;2,3;wenig;wenig
Betriebswirtschaftslehre-Digital Business Management;Unternehmensberater/in;Controller/in;IT-Consultant;Projektmanager/in;Marketing Manager/in;Teils;Wenig;Teils;Sehr stark;Stark;Teils;Sehr stark;Stark;Teils;Wenig;Softwareentwicklung – IT-Consulting – Systemadministration;45.000–60.000 €;50000;70000;sehr hoch;zulassungsfrei;stark;wenig
Bewegungs- und Sportwissenschaft;Wissenschaftliche/r Mitarbeiter/in (Sportwissenschaft);Sporttrainer/in;Personal Trainer/in;Coach/Berater/in im Gesundheitswesen;Sporttherapeut/in;Stark;Wenig;Sehr stark;Teils;Wenig;Teils;Stark;Stark;Sehr stark;Wenig;Sportpädagogik – Gesundheitsförderung – Rehabilitationssport;34.000–42.000 €;38000;50000;mittel-hoch;2,2;wenig;sehr stark
Bio- und Umwelttechnik;Umwelttechnologe/-technologin;Biotechnologe/-technologin;Verfahrensingenieur/in (Umwelt);Laboringenieur/in (Biotechnik);Qualitätsmanager/in (Umwelttechnik);Sehr stark;Wenig;Teils;Teils;Stark;Sehr stark;Sehr stark;Wenig;Teils;Wenig;Konstruktion – Produktion – Technische Entwicklung;52.000–65.000 €;58000;75000;hoch;2,3;teils;wenig
Bio- und Umweltverfahrenstechnik;Verfahrensingenieur/in (Umweltverfahren);Bioprozesstechniker/in;Anlagenplaner/in (Umweltanlagen);Laborleiter/in (Verfahrenstechnik);Umweltgutachter/in;Sehr stark;Wenig;Teils;Teils;Stark;Sehr stark;Sehr stark;Wenig;Teils;Wenig;Konstruktion – Produktion – Technische Entwicklung;52.000–65.000 €;58000;75000;hoch;2,3;teils;wenig
Biochemie;Laborleiter/in (Biochemie);Forschungschemiker/in (Biochemie);Qualitätsmanager/in Pharma;Biotechnologe/-login;Wissenschaftliche/r Mitarbeiter/in (Biochemie);Sehr stark;Wenig;Teils;Teils;Stark;Sehr stark;Sehr stark;Wenig;Teils;Wenig;Controlling – Marketing – Unternehmensberatung;38.000–50.000 €;44000;60000;mittel;2,3;teils;wenig
Bioeconomy;Nachhaltigkeitsmanager/in (Bioökonomie);Innovationsmanager/in (Bio-Produkte);Projektmanager/in Bioenergie;Agrarökonom/in (Bio-Wirtschaft);Unternehmensberater/in (Bio-Industrie);Sehr stark;Wenig;Teils;Teils;Stark;Sehr stark;Sehr stark;Wenig;Teils;Wenig;Controlling – Marketing – Unternehmensberatung;38.000–50.000 €;44000;60000;mittel;2,3;wenig;wenig
Bioinformatik;Bioinformatiker/in (Forschung);Softwareentwickler/in Bio-IT;Datenanalyst/in Genomik;IT-Projektmanager/in im Life-Science;Wissenschaftliche/r Mitarbeiter/in (Bioinformatik);Sehr stark;Teils;Wenig;Teils;Stark;Stark;Sehr stark;Wenig;Teils;Wenig;Softwareentwicklung – IT-Consulting – Systemadministration;55.000–70.000 €;60000;80000;sehr hoch;zulassungsfrei;sehr stark;wenig
Bioingenieurwesen;Bioingenieur/in (Verfahrenstechnik);Biotechnologe/-technologin (Produktion);Pharmatechniker/in;Qualitätsingenieur/in (Biotech);Forschungsingenieur/in (Bioverfahren);Stark;Wenig;Wenig;Teils;Teils;Stark;Sehr stark;Wenig;Teils;Wenig;Konstruktion – Produktion – Technische Entwicklung;52.000–65.000 €;58000;75000;hoch;2,3;teils;wenig
Biologie;Forschungsbiologe/-login (Universität);Laborleiter/in (Life Science);Biotechnologe/-login (Industrie);Umweltgutachter/in (Ã–kologie);Wissenschaftsjournalist/in (Biowissenschaften);Sehr stark;Wenig;Teils;Teils;Stark;Sehr stark;Sehr stark;Wenig;Teils;Wenig;Forschung Biotech Umweltwissenschaften;40000-50000;450000;550000;mittel;2;wenig;wenig
Biomedizintechnik;Medizintechnik-Ingenieur/in;Geräteentwickler/in (Medizintechnik);Produktmanager/in Medizintechnik;Validierungsingenieur/in (MedTech);Serviceingenieur/in (Medizingeräte);Stark;Wenig;Wenig;Teils;Teils;Stark;Sehr stark;Wenig;Teils;Wenig;Konstruktion – Produktion – Technische Entwicklung;52.000–65.000 €;58000;75000;hoch;2,3;sehr stark;wenig
Business Administration;Unternehmensberater/in;Controller/in;IT-Consultant;Projektmanager/in;Marketing Manager/in;Teils;Wenig;Teils;Sehr stark;Stark;Teils;Sehr stark;Stark;Teils;Wenig;Controlling – Marketing – Unternehmensberatung;45.000–60.000 €;50000;70000;mittel;2,3;wenig;wenig
Business Administration (BWL);Unternehmensberater/in;Controller/in;IT-Consultant;Projektmanager/in;Marketing Manager/in;Teils;Wenig;Teils;Sehr stark;Stark;Teils;Sehr stark;Stark;Teils;Wenig;Controlling – Marketing – Unternehmensberatung;45.000–60.000 €;50000;70000;mittel;2,3;wenig;wenig
Business Administration and Economics (BWL/ VWL);Unternehmensberater/in;Controller/in;Risk Manager/in;Wirtschaftsprüfer/in;Marketing Manager/in;Teils;Wenig;Teils;Sehr stark;Stark;Teils;Sehr stark;Stark;Teils;Wenig;Controlling – Marketing – Unternehmensberatung;45.000–60.000 €;50000;70000;mittel;2,3;wenig;wenig
Business, Economics & Psychology;Personalreferent/in;Personal- und Organisationsentwickler/in;Personalberater/in (Consultant);Marktforscher/in;Headhunter/in (Recruiter);Stark;Wenig;Stark;Teils;Teils;Stark;Stark;Stark;Sehr stark;Wenig;Controlling – Marketing – Unternehmensberatung;45.000–60.000 €;50000;70000;mittel;2,3;wenig;wenig
BWL;Unternehmensberater/in;Controller/in;IT-Consultant;Projektmanager/in;Marketing Manager/in;Teils;Wenig;Teils;Sehr stark;Stark;Teils;Sehr stark;Stark;Teils;Wenig;Controlling – Marketing – Unternehmensberatung;45.000–60.000 €;50000;70000;mittel;2,3;wenig;wenig
BWL - Gesundheitsmanagement;Gesundheitsmanager/in (Klinik/Pflegeeinrichtung);Betriebliche/r Gesundheitsmanager/in;Präventionsprojektleiter/in;Gesundheitsberater/in (z.B. Krankenkasse);Gesundheitsökonom/in (Planung & Finanzierung);Teils;Wenig;Teils;Sehr stark;Stark;Teils;Sehr stark;Stark;Teils;Wenig;Pflegemanagement – Gesundheitsberatung – Pflegepädagogik;45.000–60.000 €;50000;70000;hoch;zulassungsfrei;wenig;stark
BWL - Gesundheitsmanagement im Leistungssport;Sportvereinsmanager/in;Eventmanager/in (Sportevents);Marketingmanager/in im Sport;Sponsoring-Manager/in;Sportökonom/in;Teils;Wenig;Teils;Sehr stark;Stark;Teils;Sehr stark;Stark;Teils;Wenig;Sportpädagogik – Gesundheitsförderung – Rehabilitationssport;45.000–60.000 €;50000;70000;mittel-hoch;2,2;wenig;stark
BWL - Spedition, Transport und Logistik;Unternehmensberater/in;Controller/in;IT-Consultant;Projektmanager/in;Marketing Manager/in;Teils;Wenig;Teils;Sehr stark;Stark;Teils;Sehr stark;Stark;Teils;Wenig;Logistikmanagement – Supply Chain Management – Transportwesen;45.000–60.000 €;50000;70000;hoch;2,3;wenig;stark
BWL â€“ Sportmanagement;Sportvereinsmanager/in;Eventmanager/in (Sportevents);Marketingmanager/in im Sport;Sponsoring-Manager/in;Sportökonom/in;Teils;Wenig;Stark;Sehr stark;Teils;Teils;Sehr stark;Sehr stark;Teils;Wenig;Sportpädagogik – Gesundheitsförderung – Rehabilitationssport;45.000–60.000 €;50000;70000;mittel-hoch;2,2;wenig;stark
Chemie;Chemiker/in in Forschung & Entwicklung;Laborleiter/in (Analytik);Chemietechniker/in (Produktion);Qualitätsmanager/in Chemie;Produktentwickler/in (Chemische Industrie);Sehr stark;Wenig;Teils;Teils;Stark;Sehr stark;Sehr stark;Wenig;Teils;Wenig;Controlling – Marketing – Unternehmensberatung;38.000–50.000 €;44000;60000;mittel;2,3;stark;wenig
Computer Science;Softwareentwickler/in;IT-Consultant;Datenbankadministrator/in;Systemarchitekt/in;IT-Projektmanager/in;Sehr stark;Teils;Wenig;Teils;Stark;Stark;Sehr stark;Wenig;Teils;Wenig;Controlling – Marketing – Unternehmensberatung;38.000–50.000 €;44000;60000;mittel;2,3;wenig;wenig
Design and Computation;CAD-Designer/in (Technik);Computational Engineer (Simulationsingenieur/in);Produktentwickler/in (Technisches Design);CAE-Spezialist/in (Computer Aided Engineering);Forschungsingenieur/in (Simulation);Sehr stark;Teils;Wenig;Teils;Stark;Stark;Sehr stark;Wenig;Teils;Wenig;Grafikdesign – Medienproduktion – Öffentlichkeitsarbeit;35.000–48.000 €;40000;55000;gering-mittel;zulassungsfrei;teils;wenig
Electronics and Data Engineering;Elektronikentwickler/in;Embedded-Systems-Ingenieur/in;Data Engineer (IoT);Hardware-Testingenieur/in;IoT-Projektmanager/in;Sehr stark;Teils;Wenig;Teils;Stark;Stark;Sehr stark;Wenig;Teils;Wenig;Softwareentwicklung – IT-Consulting – Systemadministration;55.000–70.000 €;60000;80000;sehr hoch;zulassungsfrei;stark;wenig
Elektrotechnik;Elektroingenieur/in (Entwicklung);Automatisierungsingenieur/in;Hardware-Entwickler/in (Elektronik);Projektleiter/in Elektrotechnik;Prüfingenieur/in (Elektrosicherheit);Stark;Wenig;Wenig;Teils;Teils;Stark;Sehr stark;Wenig;Teils;Wenig;Automatisierung Elektronik Energietechnik;52.000–65.000 €;58000;75000;hoch;2,5;sehr stark;wenig
Energie- und Umwelttechnik;Umwelttechnik-Ingenieur/in;Energieanlagen-Projektierer/in;Umweltschutzbeauftragte/r;Verfahrenstechniker/in (Abwasser/Luft);Recycling- und Entsorgungsingenieur/in;Sehr stark;Wenig;Teils;Teils;Stark;Sehr stark;Sehr stark;Wenig;Teils;Wenig;Konstruktion – Produktion – Technische Entwicklung;52.000–65.000 €;58000;75000;hoch;2,3;teils;wenig
Energie- und Wassermanagement;Versorgungsingenieur/in (Wasserversorgung);Energiemanager/in (Versorgungsunternehmen);Wasserwirtschaftsplaner/in;Umweltberater/in Wasser/Abwasser;Projektmanager/in erneuerbare Energien;Teils;Wenig;Teils;Sehr stark;Stark;Teils;Sehr stark;Stark;Teils;Wenig;Controlling – Marketing – Unternehmensberatung;45.000–60.000 €;50000;70000;mittel;2,3;wenig;wenig
Energie-Effizienz-Design;Energiemanager/in (Energieeffizienz);Gebäudeenergieberater/in;Nachhaltigkeitsingenieur/in;Klimaschutzmanager/in;Projektleiter/in Energietechnik;Stark;Wenig;Wenig;Teils;Teils;Stark;Sehr stark;Wenig;Teils;Wenig;Grafikdesign – Medienproduktion – Öffentlichkeitsarbeit;35.000–48.000 €;40000;55000;gering-mittel;zulassungsfrei;teils;wenig
Environmental and Resource Management;Umweltmanager/in (Betrieb);Ressourcenmanager/in (Nachhaltigkeit);Umwelt-Consultant (Beratung);Projektleiter/in Umweltprojekte;Nachhaltigkeitsbeauftragte/r;Teils;Wenig;Teils;Sehr stark;Stark;Teils;Sehr stark;Stark;Teils;Wenig;Controlling – Marketing – Unternehmensberatung;45.000–60.000 €;50000;70000;mittel;2,3;wenig;wenig
Erd- und Klimaphysik;Energietechniker/in (Kraftwerk, Erneuerbare);Klimadaten-Analyst/in;Umweltberater/in (Klimaschutz);Forschungsingenieur/in (Klimamodelle);Wetter- und Klimaexperte (Meteorologe);Sehr stark;Wenig;Teils;Teils;Stark;Sehr stark;Sehr stark;Wenig;Teils;Wenig;Controlling – Marketing – Unternehmensberatung;38.000–50.000 €;44000;60000;mittel;2,3;wenig;wenig
Ernährung und Gesundheit;Ernährungsberater/in;Gesundheitsmanager/in Ernährung (Betrieb);Qualitätsmanager/in Lebensmittel;Food Blogger/Redakteur (Ernährung);Präventionsberater/in (Ernährung);Sehr stark;Teils;Wenig;Teils;Stark;Stark;Sehr stark;Wenig;Teils;Wenig;Pflegemanagement – Gesundheitsberatung – Pflegepädagogik;55.000–70.000 €;60000;80000;hoch;zulassungsfrei;wenig;teils
Ernährungswissenschaften;Ernährungsberater/in;Ã–kotrophologe/-login (Verbraucherberatung);Qualitätsmanager/in Lebensmittel;Produktentwickler/in Lebensmittel;Wissenschaftliche/r Mitarbeiter/in (Ernährung);Sehr stark;Wenig;Teils;Teils;Stark;Sehr stark;Sehr stark;Wenig;Teils;Wenig;Controlling – Marketing – Unternehmensberatung;38.000–50.000 €;44000;60000;mittel;2,3;wenig;wenig
Esports Management;Esports-Teammanager/in;Eventmanager/in (Esports);Marketingmanager/in (Esports);Esports-Trainer/in (Coach);Community-Manager/in (Gaming);Teils;Wenig;Stark;Sehr stark;Teils;Teils;Sehr stark;Sehr stark;Teils;Wenig;Eventmanagement – Gaming-Industrie – Sportmarketing;45.000–60.000 €;50000;70000;mittel;zulassungsfrei;wenig;stark
Fahrzeugtechnik;Entwicklungsingenieur/in (Fahrzeugtechnik);Versuchsingenieur/in (Automotive);Prüfstandsingenieur/in;Serviceingenieur/in (Automotive);Homologationsingenieur/in (Fahrzeugzulassung);Stark;Wenig;Wenig;Teils;Teils;Stark;Sehr stark;Wenig;Teils;Wenig;Konstruktion – Produktion – Technische Entwicklung;52.000–65.000 €;58000;75000;hoch;2,3;teils;wenig
Fahrzeugtechnik (B.Eng.);Entwicklungsingenieur/in (Fahrzeugtechnik);Versuchsingenieur/in (Automotive);Prüfstandsingenieur/in;Serviceingenieur/in (Automotive);Homologationsingenieur/in (Fahrzeugzulassung);Stark;Wenig;Wenig;Teils;Teils;Stark;Sehr stark;Wenig;Teils;Wenig;Konstruktion – Produktion – Technische Entwicklung;52.000–65.000 €;58000;75000;hoch;2,3;teils;wenig
Fahrzeugtechnik (Fahrzeugsysteme und -entwicklung);Entwicklungsingenieur/in (Fahrzeugsysteme);Systemingenieur/in (Automotive);Testingenieur/in Fahrzeugtechnik;Projektmanager/in Fahrzeugentwicklung;Qualitätsingenieur/in (Automotive);Stark;Wenig;Wenig;Teils;Teils;Stark;Sehr stark;Wenig;Teils;Wenig;Konstruktion – Produktion – Technische Entwicklung;52.000–65.000 €;58000;75000;hoch;2,3;teils;wenig
Fahrzeugtechnik (Karosserie- und Fertigungstechnik);Konstrukteur/in (Karosseriebau);Fertigungsplaner/in (Automobil);SchweiÃŸfachingenieur/in (Karosserie);Produktionsmanager/in (Fahrzeugbau);Qualitätsprüfer/in (Karosserie);Stark;Wenig;Wenig;Teils;Teils;Stark;Sehr stark;Wenig;Teils;Wenig;Konstruktion – Produktion – Technische Entwicklung;52.000–65.000 €;58000;75000;hoch;2,3;teils;wenig
Fernstudium Wirtschaftsrecht;Unternehmensberater/in;Compliance Manager/in;Legal Consultant (Wirtschaftsjurist/in);Vertragsmanager/in;Legal Project Manager/in;Teils;Wenig;Teils;Sehr stark;Stark;Teils;Sehr stark;Stark;Teils;Wenig;Controlling – Marketing – Unternehmensberatung;45.000–60.000 €;50000;70000;mittel;2,3;wenig;wenig
Flugzeugbau;Flugzeugbau-Ingenieur/in (Konstruktion);Luftfahrtingenieur/in (Aerodynamik);Fertigungsingenieur/in Flugzeugbau;Quality Engineer Aerospace;Zulassungsingenieur/in (Luftfahrt);Stark;Wenig;Wenig;Teils;Teils;Stark;Sehr stark;Wenig;Teils;Wenig;Konstruktion – Produktion – Technische Entwicklung;52.000–65.000 €;58000;75000;hoch;2,3;teils;wenig
Game Engineering;Game-Developer/in (Spieleentwicklung);Gameplay-Programmierer/in;3D-Designer/in (Game);Softwareentwickler/in;QA-Tester/in (Game);Sehr stark;Teils;Wenig;Teils;Stark;Stark;Sehr stark;Wenig;Teils;Wenig;Controlling – Marketing – Unternehmensberatung;38.000–50.000 €;44000;60000;mittel;2,3;wenig;wenig
Gebäude- und Energietechnik;Gebäudetechnik-Ingenieur/in;Energieanlagen-Planer/in (Gebäude);TGA-Fachplaner/in (Technische Gebäudeausrüstung);Facility Manager/in (Betriebstechnik);Projektleiter/in Gebäudeenergie;Stark;Wenig;Wenig;Teils;Teils;Stark;Sehr stark;Wenig;Teils;Wenig;Konstruktion – Produktion – Technische Entwicklung;52.000–65.000 €;58000;75000;hoch;2,3;teils;wenig
Gebäude- und Energietechnik (B.Eng.);Gebäudetechnik-Ingenieur/in;Energieanlagen-Planer/in (Gebäude);TGA-Fachplaner/in;Facility Manager/in;Projektleiter/in Gebäudeenergie;Stark;Wenig;Wenig;Teils;Teils;Stark;Sehr stark;Wenig;Teils;Wenig;Konstruktion – Produktion – Technische Entwicklung;52.000–65.000 €;58000;75000;hoch;2,3;teils;wenig
Gebäude- und Energietechnik (Vollzeitstudium);Gebäudetechnik-Ingenieur/in;Energieanlagen-Planer/in (Gebäude);TGA-Fachplaner/in;Facility Manager/in;Projektleiter/in Gebäudeenergie;Sehr stark;Teils;Wenig;Teils;Stark;Stark;Sehr stark;Wenig;Teils;Wenig;Softwareentwicklung – IT-Consulting – Systemadministration;52.000–65.000 €;58000;75000;sehr hoch;zulassungsfrei;stark;wenig
Gebäudeklimatik;Gebäudetechnik-Ingenieur/in (HLK-Technik);Klimatechniker/in (Gebäudeklima);Energieberater/in (Gebäude);Facility Manager/in (Technik);Projektleiter/in Klimaanlagenbau;Stark;Wenig;Wenig;Teils;Teils;Stark;Sehr stark;Wenig;Teils;Wenig;Controlling – Marketing – Unternehmensberatung;38.000–50.000 €;44000;60000;mittel;2,3;wenig;wenig
General Management;Unternehmensberater/in;Controller/in;IT-Consultant;Projektmanager/in;Marketing Manager/in;Teils;Wenig;Teils;Sehr stark;Stark;Teils;Sehr stark;Stark;Teils;Wenig;Controlling – Marketing – Unternehmensberatung;45.000–60.000 €;50000;70000;mittel;2,3;wenig;wenig
Geodäsie und Navigation;Vermessungsingenieur/in (Geodät);GIS-Spezialist/in (Navigation);Softwareentwickler/in (Navigationssysteme);Projektleiter/in im Vermessungswesen;Behördenmitarbeiter/in (Kataster);Stark;Wenig;Wenig;Teils;Teils;Stark;Sehr stark;Wenig;Teils;Wenig;Controlling – Marketing – Unternehmensberatung;38.000–50.000 €;44000;60000;mittel;2,3;wenig;wenig
Geoinformatik;Softwareentwickler/in (Geosoftware);IT-Berater/in (GIS);Datenbankadministrator/in (Geodaten);Geoinformatiker/in (GIS Analyst);Forschungsmitarbeiter/in (Geoinformation);Sehr stark;Teils;Wenig;Teils;Stark;Stark;Sehr stark;Wenig;Teils;Wenig;Softwareentwicklung – IT-Consulting – Systemadministration;55.000–70.000 €;60000;80000;sehr hoch;zulassungsfrei;sehr stark;wenig
Gesundheits- und Sportingenieurwesen;Konstrukteur/in (Entwicklungsingenieur/in);Automatisierungsingenieur/in;Energie-/Umwelttechniker/in;Projektingenieur/in (z.B. Luft- und Raumfahrt);Qualitäts- oder Fertigungsingenieur/in;Sehr stark;Teils;Wenig;Teils;Stark;Stark;Sehr stark;Wenig;Teils;Wenig;Sportpädagogik – Gesundheitsförderung – Rehabilitationssport;52.000–65.000 €;58000;75000;mittel-hoch;2,2;wenig;stark
Gesundheitsmanagement;Gesundheitsmanager/in (Klinik/Pflegeeinrichtung);Betriebliche/r Gesundheitsmanager/in;Präventionsprojektleiter/in;Gesundheitsberater/in (z.B. Krankenkasse);Gesundheitsökonom/in (Planung & Finanzierung);Teils;Wenig;Teils;Sehr stark;Stark;Teils;Sehr stark;Stark;Teils;Wenig;Pflegemanagement – Gesundheitsberatung – Pflegepädagogik;45.000–60.000 €;50000;70000;hoch;zulassungsfrei;wenig;stark
Gesundheitssport und Prävention;Fitnesstrainer/in;Personal Trainer/in;Fitnessstudio-Manager/in;Medical Fitness Spezialist/in;Gesundheits- und Präventionsberater/in;Sehr stark;Teils;Wenig;Teils;Stark;Stark;Sehr stark;Wenig;Teils;Wenig;Sportpädagogik – Gesundheitsförderung – Rehabilitationssport;55.000–70.000 €;60000;80000;mittel-hoch;2,2;wenig;stark
Gründung Innovation Führung;Unternehmensberater/in;Controller/in;IT-Consultant;Projektmanager/in;Marketing Manager/in;Teils;Wenig;Teils;Sehr stark;Stark;Teils;Sehr stark;Stark;Teils;Wenig;Controlling – Marketing – Unternehmensberatung;38.000–50.000 €;44000;60000;mittel;2,3;wenig;wenig
Human-Computer-Interaction;UX/UI-Designer/in (Mensch-Computer-Interaktion);Softwareentwickler/in;Usability Engineer;IT-Projektmanager/in;Interaktionsdesigner/in;Sehr stark;Teils;Wenig;Teils;Stark;Stark;Sehr stark;Wenig;Teils;Wenig;Controlling – Marketing – Unternehmensberatung;38.000–50.000 €;44000;60000;mittel;2,3;wenig;wenig
Information Engineering am Campus Heilbronn;Softwareentwickler/in;IT-Consultant;Datenbankadministrator/in;Systemingenieur/in;IT-Projektmanager/in;Sehr stark;Teils;Wenig;Teils;Stark;Stark;Sehr stark;Wenig;Teils;Wenig;Controlling – Marketing – Unternehmensberatung;38.000–50.000 €;44000;60000;mittel;2,3;wenig;wenig
Informationstechnologie und Medientechnologie;Softwareentwickler/in;IT-Consultant;Netzwerkadministrator/in;Medieninformatiker/in (Multimedia-Entwicklung);IT-Projektmanager/in;Sehr stark;Teils;Wenig;Teils;Stark;Stark;Sehr stark;Wenig;Teils;Wenig;Grafikdesign – Medienproduktion – Öffentlichkeitsarbeit;35.000–48.000 €;40000;55000;gering-mittel;zulassungsfrei;teils;wenig
International Business;Unternehmensberater/in;Controller/in;IT-Consultant;Projektmanager/in;Marketing Manager/in;Teils;Wenig;Teils;Sehr stark;Stark;Teils;Sehr stark;Stark;Teils;Wenig;Controlling – Marketing – Unternehmensberatung;45.000–60.000 €;50000;70000;mittel;2,3;wenig;wenig
International Business;Unternehmensberater/in;Controller/in;IT-Consultant;Projektmanager/in;Marketing Manager/in;Teils;Wenig;Teils;Sehr stark;Stark;Teils;Sehr stark;Stark;Teils;Wenig;Controlling – Marketing – Unternehmensberatung;45.000–60.000 €;50000;70000;mittel;2,3;wenig;wenig
International Business - Interkulturelles Management;Unternehmensberater/in;Controller/in;IT-Consultant;Projektmanager/in;Marketing Manager/in;Teils;Wenig;Teils;Sehr stark;Stark;Teils;Sehr stark;Stark;Teils;Wenig;Controlling – Marketing – Unternehmensberatung;45.000–60.000 €;50000;70000;mittel;2,3;wenig;wenig
International Business (B.A.);Unternehmensberater/in;Controller/in;IT-Consultant;Projektmanager/in;Marketing Manager/in;Teils;Wenig;Teils;Sehr stark;Stark;Teils;Sehr stark;Stark;Teils;Wenig;Controlling – Marketing – Unternehmensberatung;45.000–60.000 €;50000;70000;mittel;2,3;wenig;wenig
International Sport Management;Sportvereinsmanager/in;Eventmanager/in (Sportevents);Marketingmanager/in im Sport;Sponsoring-Manager/in;Sportökonom/in;Teils;Wenig;Teils;Sehr stark;Stark;Teils;Sehr stark;Stark;Teils;Wenig;Sportpädagogik – Gesundheitsförderung – Rehabilitationssport;45.000–60.000 €;50000;70000;mittel-hoch;2,2;wenig;stark
Internationales Sportmanagement (B.A.);Sportvereinsmanager/in;Eventmanager/in (Sportevents);Marketingmanager/in im Sport;Sponsoring-Manager/in;Sportökonom/in;Teils;Wenig;Stark;Sehr stark;Teils;Teils;Sehr stark;Sehr stark;Teils;Wenig;Sportpädagogik – Gesundheitsförderung – Rehabilitationssport;45.000–60.000 €;50000;70000;mittel-hoch;2,2;wenig;stark
Internet der Dinge - Digitale Kommunikation und Kooperation;IoT-Engineer (IoT-Entwickler/in);Embedded Systems Entwickler/in;Netzwerkadministrator/in (IoT);Kommunikationsingenieur/in (IoT);IoT-Projektmanager/in;Sehr stark;Teils;Wenig;Teils;Stark;Stark;Sehr stark;Wenig;Teils;Wenig;Softwareentwicklung – IT-Consulting – Systemadministration;35.000–48.000 €;40000;55000;sehr hoch;zulassungsfrei;stark;wenig
Internet- und Medieninformatik;Softwareentwickler/in (Web/Medien);IT-Consultant (Digital Media);Netzwerkadministrator/in;Online-Marketing-Manager/in;IT-Projektmanager/in;Sehr stark;Teils;Wenig;Teils;Stark;Stark;Sehr stark;Wenig;Teils;Wenig;Softwareentwicklung – IT-Consulting – Systemadministration;35.000–48.000 €;40000;55000;sehr hoch;zulassungsfrei;sehr stark;wenig
Künstliche Intelligenz;Data Scientist;Machine-Learning-Engineer;KI-Softwareentwickler/in;Datenanalyst/in (KI);AI-Consultant (KI-Berater);Sehr stark;Teils;Wenig;Teils;Stark;Stark;Sehr stark;Wenig;Teils;Wenig;Controlling – Marketing – Unternehmensberatung;38.000–50.000 €;44000;60000;mittel;2,3;wenig;wenig
Künstliche Intelligenz und Data Science;Data Scientist;Datenanalyst/in;Data Engineer;Machine-Learning-Engineer;Business Analyst;Sehr stark;Teils;Wenig;Teils;Stark;Stark;Sehr stark;Wenig;Teils;Wenig;Softwareentwicklung – IT-Consulting – Systemadministration;55.000–70.000 €;60000;80000;sehr hoch;zulassungsfrei;sehr stark;wenig
Kommunikationsinformatik;Softwareentwickler/in;IT-Consultant;System- und Netzwerkadministrator/in;IT-Projektmanager/in;Kommunikationssysteme-Spezialist/in;Sehr stark;Teils;Wenig;Teils;Stark;Stark;Sehr stark;Wenig;Teils;Wenig;Softwareentwicklung – IT-Consulting – Systemadministration;35.000–48.000 €;40000;55000;sehr hoch;zulassungsfrei;sehr stark;wenig
Lebensmittelchemie;Lebensmittelchemiker/in (Analytik);Qualitätskontrolleur/in Lebensmittel;Toxikologe/-login (Lebensmittel);Laborleiter/in (Lebensmittelanalytik);Produktentwickler/in Lebensmittel;Sehr stark;Teils;Wenig;Teils;Stark;Stark;Sehr stark;Wenig;Teils;Wenig;Softwareentwicklung – IT-Consulting – Systemadministration;55.000–70.000 €;60000;80000;sehr hoch;zulassungsfrei;stark;wenig
Lebensmitteltechnologie;Lebensmitteltechnologe/-login (Produktentwicklung);Produktionstechniker/in (Lebensmittel);Qualitätsmanager/in Lebensmittel;Sensorik-Experte/-Expertin;Betriebsleiter/in (Lebensmittelproduktion);Sehr stark;Teils;Wenig;Teils;Stark;Stark;Sehr stark;Wenig;Teils;Wenig;Softwareentwicklung – IT-Consulting – Systemadministration;55.000–70.000 €;60000;80000;sehr hoch;zulassungsfrei;stark;wenig
Lehramt an Gymnasien - Naturwissenschaftliche Bildung Mathematik/ Sport;Lehrer/in (Gymnasium, Fach Sport/Mathe);Sportlehrer/in (Schulsport);Sport-AG-Koordinator/in;Nachhilfelehrer/in;Wissenschaftliche/r Mitarbeiter/in (Fachdidaktik);Stark;Teils;Sehr stark;Teils;Teils;Sehr stark;Stark;Stark;Sehr stark;Wenig;Sportpädagogik – Gesundheitsförderung – Rehabilitationssport;40.000–52.000 €;45000;60000;mittel-hoch;2,2;wenig;stark
Management and Technology;Produktmanager/in (Technologie);Technischer Betriebsleiter/in;Innovationsmanager/in;Projektmanager/in Technik;Technologiemarketing-Manager/in;Teils;Wenig;Teils;Sehr stark;Stark;Teils;Sehr stark;Stark;Teils;Wenig;Controlling – Marketing – Unternehmensberatung;45.000–60.000 €;50000;70000;mittel;2,3;wenig;wenig
Management im Sport;Sportvereinsmanager/in;Eventmanager/in (Sportevents);Marketingmanager/in im Sport;Sponsoring-Manager/in;Sportökonom/in;Teils;Wenig;Teils;Sehr stark;Stark;Teils;Sehr stark;Stark;Teils;Wenig;Sportpädagogik – Gesundheitsförderung – Rehabilitationssport;45.000–60.000 €;50000;70000;mittel-hoch;2,2;wenig;stark
Maschinenbau;Konstrukteur/in (Entwicklungsingenieur/in);Automatisierungsingenieur/in;Energie-/Umwelttechniker/in;Projektingenieur/in (z.B. Luft- und Raumfahrt);Qualitäts- oder Fertigungsingenieur/in;Stark;Wenig;Wenig;Teils;Teils;Stark;Sehr stark;Wenig;Teils;Wenig;Automobil Anlagenbau Konstruktion;52.000–65.000 €;58000;75000;hoch;2,3;sehr stark;wenig
Maschinenbau (B.Eng.);Konstrukteur/in (Entwicklungsingenieur/in);Automatisierungsingenieur/in;Energie-/Umwelttechniker/in;Projektingenieur/in (z.B. Luft- und Raumfahrt);Qualitäts- oder Fertigungsingenieur/in;Stark;Wenig;Wenig;Teils;Teils;Stark;Sehr stark;Wenig;Teils;Wenig;Konstruktion – Produktion – Technische Entwicklung;52.000–65.000 €;58000;75000;hoch;2,3;sehr stark;wenig
Maschinenbau (B.Eng.), Maschinen- und Systemdesign;Konstrukteur/in (Maschinen-/Systemdesign);Entwicklungsingenieur/in (Systemtechnik);CAD-Spezialist/in (Maschinenbau);Projektingenieur/in (Systementwicklung);Qualitätsingenieur/in (Maschinenbau);Stark;Wenig;Wenig;Teils;Teils;Stark;Sehr stark;Wenig;Teils;Wenig;Grafikdesign – Medienproduktion – Öffentlichkeitsarbeit;35.000–48.000 €;40000;55000;gering-mittel;zulassungsfrei;teils;wenig
Materialwissenschaft und Werkstofftechnik;Werkstoffingenieur/in (Materialprüfung);Materialentwickler/in (Neue Werkstoffe);Qualitätssicherungsingenieur/in (Material);Laboringenieur/in (Werkstoffprüfung);Forschungsingenieur/in (Materialwissenschaft);Stark;Wenig;Wenig;Teils;Teils;Stark;Sehr stark;Wenig;Teils;Wenig;Konstruktion – Produktion – Technische Entwicklung;52.000–65.000 €;58000;75000;hoch;2,3;teils;wenig
Mechatronik;Mechatronik-Ingenieur/in (Entwicklung);Automatisierungstechniker/in;Robotik-Ingenieur/in;Instandhaltungsingenieur/in (Mechatronik);Projektleiter/in Mechatroniksysteme;Stark;Wenig;Wenig;Teils;Teils;Stark;Sehr stark;Wenig;Teils;Wenig;Konstruktion – Produktion – Technische Entwicklung;52.000–65.000 €;58000;75000;hoch;2,3;sehr stark;wenig
Mechatronik - Automation and IT;Automatisierungsingenieur/in;Steuerungsinformatiker/in;IT-Systemingenieur/in (Automatisierung);SPS-Programmierer/in;Prozessleittechniker/in;Sehr stark;Teils;Wenig;Teils;Stark;Stark;Sehr stark;Wenig;Teils;Wenig;Softwareentwicklung – IT-Consulting – Systemadministration;52.000–65.000 €;58000;75000;sehr hoch;zulassungsfrei;sehr stark;wenig
Mechatronik & Robotik;Mechatronik-Ingenieur/in (Entwicklung);Robotik-Ingenieur/in (Automation);Automatisierungstechniker/in;Steuerungsingenieur/in (Robotik);Wartungsingenieur/in (Robotersysteme);Stark;Wenig;Wenig;Teils;Teils;Stark;Sehr stark;Wenig;Teils;Wenig;Konstruktion – Produktion – Technische Entwicklung;52.000–65.000 €;58000;75000;hoch;2,3;sehr stark;wenig
Mechatronik (B.Eng.);Mechatronik-Ingenieur/in (Entwicklung);Automatisierungstechniker/in;Robotik-Ingenieur/in;Instandhaltungsingenieur/in (Mechatronik);Projektleiter/in Mechatroniksysteme;Stark;Wenig;Wenig;Teils;Teils;Stark;Sehr stark;Wenig;Teils;Wenig;Konstruktion – Produktion – Technische Entwicklung;52.000–65.000 €;58000;75000;hoch;2,3;sehr stark;wenig
Mechatronik (mit Ausbildung);Mechatroniker/in (Industrie);Automatisierungstechniker/in;Servicetechniker/in (Mechatronik);Werkstattmeister/in (Mechatronik);Kundendienstingenieur/in;Sehr stark;Teils;Wenig;Teils;Stark;Stark;Sehr stark;Wenig;Teils;Wenig;Softwareentwicklung – IT-Consulting – Systemadministration;40.000–52.000 €;45000;60000;sehr hoch;zulassungsfrei;sehr stark;wenig
Mechatronik Trinational;Mechatronik-Ingenieur/in (international);Automatisierungstechniker/in;Servicetechniker/in weltweit;Projektleiter/in (grenzüberschreitend);Vertriebsingenieur/in (international);Stark;Wenig;Wenig;Teils;Teils;Stark;Sehr stark;Wenig;Teils;Wenig;Konstruktion – Produktion – Technische Entwicklung;52.000–65.000 €;58000;75000;hoch;2,3;sehr stark;wenig
Mechatronik und Robotik;Mechatronik-Ingenieur/in (Entwicklung);Robotik-Ingenieur/in (Automation);Automatisierungstechniker/in;Steuerungsingenieur/in (Robotik);Wartungsingenieur/in (Robotersysteme);Stark;Wenig;Wenig;Teils;Teils;Stark;Sehr stark;Wenig;Teils;Wenig;Konstruktion – Produktion – Technische Entwicklung;52.000–65.000 €;58000;75000;hoch;2,3;sehr stark;wenig
Mechatronische Systeme;Mechatronik-Ingenieur/in (Entwicklung);Automatisierungsingenieur/in;Systemtechniker/in (Mechatronik);Prüfingenieur/in (Mechatronik);Inbetriebnahme-Ingenieur/in;Stark;Wenig;Wenig;Teils;Teils;Stark;Sehr stark;Wenig;Teils;Wenig;Controlling – Marketing – Unternehmensberatung;38.000–50.000 €;44000;60000;mittel;2,3;teils;wenig
Medieninformatik;Softwareentwickler/in (Multimedia-Anwendungen);IT-Berater/in (Consulting);SAP-Berater/in;Online-Marketing-Manager/in;System- und Netzwerkadministrator/in;Sehr stark;Teils;Wenig;Teils;Stark;Stark;Sehr stark;Wenig;Teils;Wenig;Softwareentwicklung – IT-Consulting – Systemadministration;35.000–48.000 €;40000;55000;sehr hoch;zulassungsfrei;sehr stark;wenig
Molecular Biology;Molekularbiologe/-login (Forschung);Laborleiter/in (Life Science);Biotechnologe/-login;Qualitätsmanager/in (Biotech);Wissenschaftliche/r Mitarbeiter/in (Biologie);;Wenig;Teils;Teils;Stark;Sehr stark;Sehr stark;Wenig;Teils;Wenig;Controlling – Marketing – Unternehmensberatung;38.000–50.000 €;44000;60000;mittel;2,3;wenig;wenig
Molecular Life Sciences;Molekularbiologe/-login (Forschung);Laborleiter/in (Life Science);Biotechnologe/-login;Qualitätsmanager/in (Biotech);Wissenschaftliche/r Mitarbeiter/in (Biologie);;Wenig;Teils;Teils;Stark;Sehr stark;Sehr stark;Wenig;Teils;Wenig;Controlling – Marketing – Unternehmensberatung;38.000–50.000 €;44000;60000;mittel;2,3;wenig;wenig
Molecular Science;Molekularbiologe/-login (Forschung);Laborleiter/in (Life Science);Biotechnologe/-login;Qualitätsmanager/in (Biotech);Wissenschaftliche/r Mitarbeiter/in (Biologie);;Wenig;Teils;Teils;Stark;Sehr stark;Sehr stark;Wenig;Teils;Wenig;Controlling – Marketing – Unternehmensberatung;38.000–50.000 €;44000;60000;mittel;2,3;wenig;wenig
Molekulare und Angewandte Biotechnologie;Biotechnologe/-login (Industrie);Laborleiter/in (Molekularbiologie);Forschungsingenieur/in (Biotech);Qualitätsmanager/in (Biotech);Produktmanager/in Biotechnologie;Sehr stark;Wenig;Teils;Teils;Stark;Sehr stark;Sehr stark;Wenig;Teils;Wenig;Controlling – Marketing – Unternehmensberatung;38.000–50.000 €;44000;60000;mittel;2,3;stark;wenig
Molekulare und Zelluläre Biotechnologie;Biotechnologe/-login (Industrie);Zellkultur-Spezialist/in;Laborleiter/in (Molekularbiologie);Qualitätsmanager/in (Biotech);Forschungsmitarbeiter/in (Life Science);Sehr stark;Wenig;Teils;Teils;Stark;Sehr stark;Sehr stark;Wenig;Teils;Wenig;Controlling – Marketing – Unternehmensberatung;38.000–50.000 €;44000;60000;mittel;2,3;stark;wenig
Nachhaltige Klimatechnologien;Klimaingenieur/in (Nachhaltigkeit);Umweltmanager/in (Klimaschutz);Energiesysteme-Entwickler/in;Nachhaltigkeitsberater/in;Forschungsingenieur/in (Klimatechnik);Stark;Wenig;Wenig;Teils;Teils;Stark;Sehr stark;Wenig;Teils;Wenig;Controlling – Marketing – Unternehmensberatung;38.000–50.000 €;44000;60000;mittel;2,3;wenig;wenig
Nautik;Nautischer Offizier (Schiffsführung);Hafenlogistik-Manager/in;Reeder-/Flottenmanager/in;Schiffsbetriebsingenieur/in;Lotse/Lotsin;Stark;Wenig;Wenig;Teils;Teils;Stark;Sehr stark;Wenig;Teils;Wenig;Controlling – Marketing – Unternehmensberatung;38.000–50.000 €;44000;60000;mittel;2,3;wenig;wenig
Optische Technologien;Entwicklungsingenieur/in (Optik);Laser-Techniker/in;Photonik-Spezialist/in;Qualitätsingenieur/in (Optikfertigung);Forschungsmitarbeiter/in (Optiklabor);Stark;Wenig;Wenig;Teils;Teils;Stark;Sehr stark;Wenig;Teils;Wenig;Controlling – Marketing – Unternehmensberatung;38.000–50.000 €;44000;60000;mittel;2,3;wenig;wenig
Pharmazeutische Biotechnologie;Pharma-Biotechnologe/-login (Produktion);Qualitätsmanager/in Pharma;Arzneimittel-Entwickler/in (Biopharma);Prozessingenieur/in (Pharmaproduktion);Wissenschaftliche/r Mitarbeiter/in (Pharmaforschung);Sehr stark;Wenig;Teils;Teils;Stark;Sehr stark;Sehr stark;Wenig;Teils;Wenig;Controlling – Marketing – Unternehmensberatung;38.000–50.000 €;44000;60000;mittel;2,3;stark;wenig
Prävention und Sporttherapie;Fitnesstrainer/in;Personal Trainer/in;Fitnessstudio-Manager/in;Medical Fitness Spezialist/in;Gesundheits- und Präventionsberater/in;Stark;Wenig;Sehr stark;Teils;Wenig;Teils;Stark;Stark;Sehr stark;Wenig;Sportpädagogik – Gesundheitsförderung – Rehabilitationssport;34.000–42.000 €;38000;50000;mittel-hoch;2,2;wenig;stark
Prävention, Sporttherapie und Gesundheitsmanagement;Fitnesstrainer/in;Personal Trainer/in;Fitnessstudio-Manager/in;Medical Fitness Spezialist/in;Gesundheits- und Präventionsberater/in;Teils;Wenig;Teils;Sehr stark;Stark;Teils;Sehr stark;Stark;Teils;Wenig;Sportpädagogik – Gesundheitsförderung – Rehabilitationssport;45.000–60.000 €;50000;70000;mittel-hoch;2,2;wenig;stark
Produktionstechnik;Produktionsingenieur/in;Fertigungsplaner/in;Industrial Engineer (Prozessoptimierung);Qualitätsingenieur/in Produktion;Lean-Manager/in (Prozessmanagement);Stark;Wenig;Wenig;Teils;Teils;Stark;Sehr stark;Wenig;Teils;Wenig;Konstruktion – Produktion – Technische Entwicklung;52.000–65.000 €;58000;75000;hoch;2,3;teils;wenig
Psychologie in Wirtschaft und Industrie;Personalreferent/in;Personal- und Organisationsentwickler/in;Personalberater/in (Consultant);Marktforscher/in;Headhunter/in (Recruiter);Teils;Wenig;Teils;Sehr stark;Stark;Teils;Sehr stark;Stark;Teils;Wenig;Klinische Psychologie – Arbeitspsychologie – Forschung;40.000–52.000 €;45000;60000;mittel-hoch;1,3;wenig;wenig
Psychologie mit Schwerpunkt Wirtschaft;Personalreferent/in;Personal- und Organisationsentwickler/in;Personalberater/in (Consultant);Marktforscher/in;Headhunter/in (Recruiter);Teils;Wenig;Teils;Sehr stark;Stark;Teils;Sehr stark;Stark;Teils;Wenig;Softwareentwicklung – IT-Consulting – Systemadministration;40.000–52.000 €;45000;60000;sehr hoch;zulassungsfrei;stark;wenig
Renewable Energy;Renewable-Energy-Engineer (Erneuerbare-Energien-Ingenieur/in);Projektentwickler/in Wind- oder Solarparks;Energiesystemanalyst/in;Speichertechnik-Ingenieur/in;Nachhaltigkeitsberater/in;Stark;Wenig;Wenig;Teils;Teils;Stark;Sehr stark;Wenig;Teils;Wenig;Controlling – Marketing – Unternehmensberatung;38.000–50.000 €;44000;60000;mittel;2,3;wenig;wenig
Scientific Computing;Softwareentwickler/in (wissenschaftl. Software);IT-Consultant;Datenanalyst/in (wissenschaftlicher Bereich);Hochleistungsrechner-Administrator/in;Computational Scientist (Forschung);Sehr stark;Teils;Wenig;Teils;Stark;Stark;Sehr stark;Wenig;Teils;Wenig;Controlling – Marketing – Unternehmensberatung;38.000–50.000 €;44000;60000;mittel;2,3;wenig;wenig
Software Design;Softwareentwickler/in;IT-Consultant;UI/UX-Designer/in (Software);DevOps-Engineer (Softwarebetrieb);IT-Projektmanager/in;Sehr stark;Teils;Wenig;Teils;Stark;Stark;Sehr stark;Wenig;Teils;Wenig;Grafikdesign – Medienproduktion – Öffentlichkeitsarbeit;35.000–48.000 €;40000;55000;gering-mittel;zulassungsfrei;teils;wenig
Software Engineering;Softwareentwickler/in;IT-Consultant;DevOps-Engineer (Softwarebetrieb);Software-Projektmanager/in;Qualitätsingenieur/in Software (Testing);Sehr stark;Teils;Wenig;Teils;Stark;Stark;Sehr stark;Wenig;Teils;Wenig;Controlling – Marketing – Unternehmensberatung;38.000–50.000 €;44000;60000;mittel;2,3;wenig;wenig
Sport - Prävention und Rehabilitation;Fitnesstrainer/in;Personal Trainer/in;Fitnessstudio-Manager/in;Medical Fitness Spezialist/in;Gesundheits- und Präventionsberater/in;Sehr stark;Teils;Wenig;Teils;Stark;Stark;Sehr stark;Wenig;Teils;Wenig;Sportpädagogik – Gesundheitsförderung – Rehabilitationssport;55.000–70.000 €;60000;80000;mittel-hoch;2,2;wenig;stark
Sport- und Gesundheitsmanagement;Gesundheitsmanager/in (Klinik/Pflegeeinrichtung);Betriebliche/r Gesundheitsmanager/in;Präventionsprojektleiter/in;Gesundheitsberater/in (z.B. Krankenkasse);Gesundheitsökonom/in (Planung & Finanzierung);Teils;Wenig;Teils;Sehr stark;Stark;Teils;Sehr stark;Stark;Teils;Wenig;Sportpädagogik – Gesundheitsförderung – Rehabilitationssport;45.000–60.000 €;50000;70000;mittel-hoch;2,2;wenig;stark
Sport und Leistung im Lebenslauf;Wissenschaftliche/r Mitarbeiter/in (Sportwissenschaft);Sporttrainer/in;Personal Trainer/in;Coach/Berater/in im Gesundheitswesen;Sporttherapeut/in;Stark;Wenig;Sehr stark;Teils;Wenig;Teils;Stark;Stark;Sehr stark;Wenig;Sportpädagogik – Gesundheitsförderung – Rehabilitationssport;34.000–42.000 €;38000;50000;mittel-hoch;2,2;wenig;stark
Sport und Prävention;Fitnesstrainer/in;Personal Trainer/in;Fitnessstudio-Manager/in;Medical Fitness Spezialist/in;Gesundheits- und Präventionsberater/in;Stark;Wenig;Sehr stark;Teils;Wenig;Teils;Stark;Stark;Sehr stark;Wenig;Sportpädagogik – Gesundheitsförderung – Rehabilitationssport;34.000–42.000 €;38000;50000;mittel-hoch;2,2;wenig;stark
Sport, Gesundheit & Leistung im Lebensverlauf;Wissenschaftliche/r Mitarbeiter/in (Sportwissenschaft);Sporttrainer/in;Personal Trainer/in;Coach/Berater/in im Gesundheitswesen;Sporttherapeut/in;Stark;Wenig;Sehr stark;Teils;Wenig;Teils;Stark;Stark;Sehr stark;Wenig;Sportpädagogik – Gesundheitsförderung – Rehabilitationssport;55.000–70.000 €;60000;80000;mittel-hoch;2,2;wenig;stark
Sport, Gesundheit, Prävention;Fitnesstrainer/in;Personal Trainer/in;Fitnessstudio-Manager/in;Medical Fitness Spezialist/in;Gesundheits- und Präventionsberater/in;Stark;Wenig;Sehr stark;Teils;Wenig;Teils;Stark;Stark;Sehr stark;Wenig;Sportpädagogik – Gesundheitsförderung – Rehabilitationssport;55.000–70.000 €;60000;80000;mittel-hoch;2,2;wenig;stark
Sport-/ Gesundheitsmanagement;Gesundheitsmanager/in (Klinik/Pflegeeinrichtung);Betriebliche/r Gesundheitsmanager/in;Präventionsprojektleiter/in;Gesundheitsberater/in (z.B. Krankenkasse);Gesundheitsökonom/in (Planung & Finanzierung);Teils;Wenig;Teils;Sehr stark;Stark;Teils;Sehr stark;Stark;Teils;Wenig;Sportpädagogik – Gesundheitsförderung – Rehabilitationssport;45.000–60.000 €;50000;70000;mittel-hoch;2,2;wenig;stark
Sport/ Leistung und Gesundheit;Wissenschaftliche/r Mitarbeiter/in (Sportwissenschaft);Sporttrainer/in;Personal Trainer/in;Coach/Berater/in im Gesundheitswesen;Sporttherapeut/in;Sehr stark;Teils;Wenig;Teils;Stark;Stark;Sehr stark;Wenig;Teils;Wenig;Sportpädagogik – Gesundheitsförderung – Rehabilitationssport;55.000–70.000 €;60000;80000;mittel-hoch;2,2;wenig;stark
Sportbusiness Management;Sportvereinsmanager/in;Eventmanager/in (Sportevents);Marketingmanager/in im Sport;Sponsoring-Manager/in;Sportökonom/in;Teils;Wenig;Stark;Sehr stark;Teils;Teils;Sehr stark;Sehr stark;Teils;Wenig;Sportpädagogik – Gesundheitsförderung – Rehabilitationssport;45.000–60.000 €;50000;70000;mittel-hoch;2,2;wenig;stark
Sportmanagement;Sportvereinsmanager/in;Eventmanager/in (Sportevents);Marketingmanager/in im Sport;Sponsoring-Manager/in;Sportökonom/in;Teils;Wenig;Stark;Sehr stark;Teils;Teils;Sehr stark;Sehr stark;Teils;Wenig;Sportmarketing Eventmanagement Vereinsführung;45.000–60.000 €;50000;70000;hoch;2,5;wenig;stark
Sportmanagement (B.A.);Sportvereinsmanager/in;Eventmanager/in (Sportevents);Marketingmanager/in im Sport;Sponsoring-Manager/in;Sportökonom/in;Teils;Wenig;Stark;Sehr stark;Teils;Teils;Sehr stark;Sehr stark;Teils;Wenig;Sportpädagogik – Gesundheitsförderung – Rehabilitationssport;45.000–60.000 €;50000;70000;mittel-hoch;2,2;wenig;stark
Sportmanagement / Sportökonomie;Sportvereinsmanager/in;Eventmanager/in (Sportevents);Marketingmanager/in im Sport;Sponsoring-Manager/in;Sportökonom/in;Teils;Wenig;Stark;Sehr stark;Teils;Teils;Sehr stark;Sehr stark;Teils;Wenig;Sportpädagogik – Gesundheitsförderung – Rehabilitationssport;45.000–60.000 €;50000;70000;mittel-hoch;2,2;wenig;stark
Sportmanagement und Gesundheitsförderung;Fitnesstrainer/in;Personal Trainer/in;Fitnessstudio-Manager/in;Medical Fitness Spezialist/in;Gesundheits- und Präventionsberater/in;Teils;Wenig;Stark;Sehr stark;Teils;Teils;Sehr stark;Sehr stark;Teils;Wenig;Sportpädagogik – Gesundheitsförderung – Rehabilitationssport;45.000–60.000 €;50000;70000;mittel-hoch;2,2;wenig;stark
Sportmanagement und Prävention;Fitnesstrainer/in;Personal Trainer/in;Fitnessstudio-Manager/in;Medical Fitness Spezialist/in;Gesundheits- und Präventionsberater/in;Teils;Wenig;Stark;Sehr stark;Teils;Teils;Sehr stark;Sehr stark;Teils;Wenig;Sportpädagogik – Gesundheitsförderung – Rehabilitationssport;45.000–60.000 €;50000;70000;mittel-hoch;2,2;wenig;stark
Sportmanagement und Sportgesundheit (B.A.);Fitnesstrainer/in;Personal Trainer/in;Fitnessstudio-Manager/in;Medical Fitness Spezialist/in;Gesundheits- und Präventionsberater/in;Teils;Wenig;Stark;Sehr stark;Teils;Teils;Sehr stark;Sehr stark;Teils;Wenig;Sportpädagogik – Gesundheitsförderung – Rehabilitationssport;45.000–60.000 €;50000;70000;mittel-hoch;2,2;wenig;stark
Sportmanagement und Sportkommunikation;Sportvereinsmanager/in;Eventmanager/in (Sportevents);Marketingmanager/in im Sport;Sponsoring-Manager/in;Sportökonom/in;Teils;Wenig;Stark;Sehr stark;Teils;Teils;Sehr stark;Sehr stark;Teils;Wenig;Sportpädagogik – Gesundheitsförderung – Rehabilitationssport;35.000–48.000 €;40000;55000;mittel-hoch;2,2;wenig;stark
Sportmanagement, Prävention und Rehabilitation;Fitnesstrainer/in;Personal Trainer/in;Fitnessstudio-Manager/in;Medical Fitness Spezialist/in;Gesundheits- und Präventionsberater/in;Teils;Wenig;Stark;Sehr stark;Teils;Teils;Sehr stark;Sehr stark;Teils;Wenig;Sportpädagogik – Gesundheitsförderung – Rehabilitationssport;45.000–60.000 €;50000;70000;mittel-hoch;2,2;wenig;stark
Sports Science;Wissenschaftliche/r Mitarbeiter/in (Sportwissenschaft);Sporttrainer/in;Personal Trainer/in;Coach/Berater/in im Gesundheitswesen;Sporttherapeut/in;Stark;Wenig;Sehr stark;Teils;Wenig;Teils;Stark;Stark;Sehr stark;Wenig;Sportpädagogik – Gesundheitsförderung – Rehabilitationssport;34.000–42.000 €;38000;50000;mittel-hoch;2,2;wenig;stark
Sportwissenschaft;Wissenschaftliche/r Mitarbeiter/in (Sportwissenschaft);Sporttrainer/in;Personal Trainer/in;Coach/Berater/in im Gesundheitswesen;Sporttherapeut/in;Stark;Wenig;Sehr stark;Teils;Wenig;Teils;Stark;Stark;Sehr stark;Wenig;Sportpädagogik Fitness Reha;34000-42000;380000;500000;mittel-hoch;2,2;wenig;sehr stark
Sportwissenschaft - Schwerpunkt Leistung und Gesundheit;Wissenschaftliche/r Mitarbeiter/in (Sportwissenschaft);Sporttrainer/in;Personal Trainer/in;Coach/Berater/in im Gesundheitswesen;Sporttherapeut/in;Stark;Wenig;Sehr stark;Teils;Wenig;Teils;Stark;Stark;Sehr stark;Wenig;Sportpädagogik – Gesundheitsförderung – Rehabilitationssport;55.000–70.000 €;60000;80000;mittel-hoch;2,2;wenig;sehr stark
Sportwissenschaft (Schwerpunkt Leistungsdiagnostik);Wissenschaftliche/r Mitarbeiter/in (Sportwissenschaft);Sporttrainer/in;Personal Trainer/in;Coach/Berater/in im Gesundheitswesen;Sporttherapeut/in;Stark;Wenig;Sehr stark;Teils;Wenig;Teils;Stark;Stark;Sehr stark;Wenig;Sportpädagogik – Gesundheitsförderung – Rehabilitationssport;34.000–42.000 €;38000;50000;mittel-hoch;2,2;wenig;sehr stark
Sportwissenschaft (Schwerpunkt Training und Gesundheit);Wissenschaftliche/r Mitarbeiter/in (Sportwissenschaft);Sporttrainer/in;Personal Trainer/in;Coach/Berater/in im Gesundheitswesen;Sporttherapeut/in;Stark;Wenig;Sehr stark;Teils;Wenig;Teils;Stark;Stark;Sehr stark;Wenig;Sportpädagogik – Gesundheitsförderung – Rehabilitationssport;55.000–70.000 €;60000;80000;mittel-hoch;2,2;wenig;sehr stark
Sportwissenschaft (Schwerpunkt Training und Leistung);Wissenschaftliche/r Mitarbeiter/in (Sportwissenschaft);Sporttrainer/in;Personal Trainer/in;Coach/Berater/in im Gesundheitswesen;Sporttherapeut/in;Stark;Wenig;Sehr stark;Teils;Wenig;Teils;Stark;Stark;Sehr stark;Wenig;Sportpädagogik – Gesundheitsförderung – Rehabilitationssport;55.000–70.000 €;60000;80000;mittel-hoch;2,2;wenig;sehr stark
Sportwissenschaft (Schwerpunkt Trainingswissenschaft);Wissenschaftliche/r Mitarbeiter/in (Sportwissenschaft);Sporttrainer/in;Personal Trainer/in;Coach/Berater/in im Gesundheitswesen;Sporttherapeut/in;Stark;Wenig;Sehr stark;Teils;Wenig;Teils;Stark;Stark;Sehr stark;Wenig;Sportpädagogik – Gesundheitsförderung – Rehabilitationssport;55.000–70.000 €;60000;80000;mittel-hoch;2,2;wenig;sehr stark
Sportwissenschaft und Informatik;Softwareentwickler/in;IT-Consultant (IT-Berater/in);Datenbank- oder Netzwerkadministrator/in;Webentwickler/in;IT-Projektmanager/in;Stark;Wenig;Sehr stark;Teils;Wenig;Teils;Stark;Stark;Sehr stark;Wenig;Sportpädagogik – Gesundheitsförderung – Rehabilitationssport;55.000–70.000 €;60000;80000;mittel-hoch;2,2;sehr stark;stark
Sportwissenschaft, Schwerpunkt: Leistung, Training, Coaching;Wissenschaftliche/r Mitarbeiter/in (Sportwissenschaft);Sporttrainer/in;Personal Trainer/in;Coach/Berater/in im Gesundheitswesen;Sporttherapeut/in;Stark;Wenig;Sehr stark;Teils;Wenig;Teils;Stark;Stark;Sehr stark;Wenig;Sportpädagogik – Gesundheitsförderung – Rehabilitationssport;55.000–70.000 €;60000;80000;mittel-hoch;2,2;wenig;sehr stark
Sportwissenschaft, Schwerpunkt: Physical Fitness und Health;Wissenschaftliche/r Mitarbeiter/in (Sportwissenschaft);Sporttrainer/in;Personal Trainer/in;Coach/Berater/in im Gesundheitswesen;Sporttherapeut/in;Stark;Wenig;Sehr stark;Teils;Wenig;Teils;Stark;Stark;Sehr stark;Wenig;Sportpädagogik – Gesundheitsförderung – Rehabilitationssport;55.000–70.000 €;60000;80000;mittel-hoch;2,2;wenig;sehr stark
Sportwissenschaft, Schwerpunkt: Training und Gesundheit;Wissenschaftliche/r Mitarbeiter/in (Sportwissenschaft);Sporttrainer/in;Personal Trainer/in;Coach/Berater/in im Gesundheitswesen;Sporttherapeut/in;Stark;Wenig;Sehr stark;Teils;Wenig;Teils;Stark;Stark;Sehr stark;Wenig;Sportpädagogik – Gesundheitsförderung – Rehabilitationssport;55.000–70.000 €;60000;80000;mittel-hoch;2,2;wenig;sehr stark
Sportwissenschaft: Leistung und Gesundheit;Wissenschaftliche/r Mitarbeiter/in (Sportwissenschaft);Sporttrainer/in;Personal Trainer/in;Coach/Berater/in im Gesundheitswesen;Sporttherapeut/in;Stark;Wenig;Sehr stark;Teils;Wenig;Teils;Stark;Stark;Sehr stark;Wenig;Sportpädagogik – Gesundheitsförderung – Rehabilitationssport;55.000–70.000 €;60000;80000;mittel-hoch;2,2;wenig;sehr stark
Sportwissenschaftler: werden (Sportstudium);Sportlehrer/in;Sportjournalist/in;Sportwissenschaftler/in (Forschung);Vereinsmanager/in (Sportorganisation);Personal Trainer/in;Stark;Wenig;Sehr stark;Teils;Wenig;Teils;Stark;Stark;Sehr stark;Wenig;Sportpädagogik – Gesundheitsförderung – Rehabilitationssport;34.000–42.000 €;38000;50000;mittel-hoch;2,2;wenig;sehr stark
Technische Informatik;Embedded-Systems-Entwickler/in;Hardware/Software-Ingenieur/in;Automatisierungstechniker/in (IT);IT-Systemingenieur/in;Forschungsingenieur/in (Technische Informatik);Sehr stark;Teils;Wenig;Teils;Stark;Stark;Sehr stark;Wenig;Teils;Wenig;Softwareentwicklung – IT-Consulting – Systemadministration;55.000–70.000 €;60000;80000;sehr hoch;zulassungsfrei;sehr stark;wenig
Trainings- und Bewegungswissenschaft;Wissenschaftliche/r Mitarbeiter/in (Sportwissenschaft);Sporttrainer/in;Personal Trainer/in;Coach/Berater/in im Gesundheitswesen;Sporttherapeut/in;Stark;Wenig;Sehr stark;Teils;Wenig;Teils;Stark;Stark;Sehr stark;Wenig;Softwareentwicklung – IT-Consulting – Systemadministration;55.000–70.000 €;60000;80000;sehr hoch;zulassungsfrei;stark;teils
Umwelt- und Hygienetechnik;Umweltschutz-Techniker/in;Hygienebeauftragte/r (Technik);Umweltmesstechniker/in;Abfall- und Entsorgungsingenieur/in;Qualitätssicherung (Umwelt/Hygiene);Sehr stark;Wenig;Teils;Teils;Stark;Sehr stark;Sehr stark;Wenig;Teils;Wenig;Konstruktion – Produktion – Technische Entwicklung;52.000–65.000 €;58000;75000;hoch;2,3;teils;wenig
Umweltingenieurwissenschaften;Umweltingenieur/in (Planung);Nachhaltigkeitsmanager/in;Umweltgutachter/in;Projektingenieur/in (Altlastensanierung);Klimaschutzmanager/in;Stark;Wenig;Wenig;Teils;Teils;Stark;Sehr stark;Wenig;Teils;Wenig;Konstruktion – Produktion – Technische Entwicklung;52.000–65.000 €;58000;75000;hoch;2,3;teils;wenig
Umweltschutz;Umweltschutzfachkraft;Umweltberater/in;Naturschutz-Referent/in;Projektleiter/in Umweltschutz;Nachhaltigkeitsbeauftragte/r;Sehr stark;Wenig;Teils;Teils;Stark;Sehr stark;Sehr stark;Wenig;Teils;Wenig;Controlling – Marketing – Unternehmensberatung;38.000–50.000 €;44000;60000;mittel;2,3;wenig;wenig
Verwaltungswissenschaft;Unternehmensberater/in;Controller/in;Projektmanager/in;Verwaltungsfachwirt/in (öffentlicher Dienst);Referent/in in Verwaltung (Behörde);Teils;Wenig;Teils;Sehr stark;Stark;Teils;Sehr stark;Stark;Teils;Wenig;Controlling – Marketing – Unternehmensberatung;38.000–50.000 €;44000;60000;mittel;2,3;wenig;wenig
Verwaltungswissenschaften;Unternehmensberater/in;Controller/in;Projektmanager/in;Verwaltungsfachwirt/in (öffentlicher Dienst);Referent/in in Verwaltung (Behörde);Teils;Wenig;Teils;Sehr stark;Stark;Teils;Sehr stark;Stark;Teils;Wenig;Controlling – Marketing – Unternehmensberatung;38.000–50.000 €;44000;60000;mittel;2,3;wenig;wenig
Werkstoff- und Funktionsentwicklung;Werkstoffingenieur/in (F&E);Materialprüfer/in;Entwicklungsingenieur/in (Neue Materialien);Qualitätsingenieur/in (Werkstoffe);Produktentwickler/in (Werkstofftechnik);Stark;Wenig;Wenig;Teils;Teils;Stark;Sehr stark;Wenig;Teils;Wenig;Controlling – Marketing – Unternehmensberatung;38.000–50.000 €;44000;60000;mittel;2,3;teils;wenig
Wirtschaftsinformatik;Softwareentwickler/in;IT-Consultant;Business Analyst (IT);Projektmanager/in IT-Projekte;Datenbankadministrator/in;Teils;Wenig;Teils;Sehr stark;Stark;Teils;Sehr stark;Stark;Teils;Wenig;IT-Management Business Analytics;45.000–60.000 €;50000;70000;sehr hoch;2,2;sehr stark;wenig
Wirtschaftsinformatik (B.Sc.);Softwareentwickler/in;IT-Consultant;Business Analyst (IT);Projektmanager/in IT-Projekte;Datenbankadministrator/in;Teils;Wenig;Teils;Sehr stark;Stark;Teils;Sehr stark;Stark;Teils;Wenig;Softwareentwicklung – IT-Consulting – Systemadministration;45.000–60.000 €;50000;70000;sehr hoch;zulassungsfrei;sehr stark;wenig
Wirtschaftsinformatik (B.Sc.) - Data Science;Data Scientist;Datenanalyst/in;Data Engineer (Dateningenieur/in);Machine-Learning-Engineer;Business Analyst;Teils;Wenig;Teils;Sehr stark;Stark;Teils;Sehr stark;Stark;Teils;Wenig;Softwareentwicklung – IT-Consulting – Systemadministration;45.000–60.000 €;50000;70000;sehr hoch;zulassungsfrei;sehr stark;wenig
Wirtschaftsinformatik (B.Sc.) - International Management;Softwareentwickler/in;IT-Consultant;Business Analyst (IT);Projektmanager/in IT-Projekte;Datenbankadministrator/in;Teils;Wenig;Teils;Sehr stark;Stark;Teils;Sehr stark;Stark;Teils;Wenig;Softwareentwicklung – IT-Consulting – Systemadministration;45.000–60.000 €;50000;70000;sehr hoch;zulassungsfrei;sehr stark;wenig
Wirtschaftsinformatik (B.Sc.) - Studium online;Softwareentwickler/in;IT-Consultant;Business Analyst (IT);Projektmanager/in IT-Projekte;Datenbankadministrator/in;Teils;Wenig;Teils;Sehr stark;Stark;Teils;Sehr stark;Stark;Teils;Wenig;Softwareentwicklung – IT-Consulting – Systemadministration;45.000–60.000 €;50000;70000;sehr hoch;zulassungsfrei;sehr stark;wenig
Wirtschaftsinformatik (B.Sc.) (Vollzeitstudium);Softwareentwickler/in;IT-Consultant;Business Analyst (IT);Projektmanager/in IT-Projekte;Datenbankadministrator/in;Teils;Wenig;Teils;Sehr stark;Stark;Teils;Sehr stark;Stark;Teils;Wenig;Softwareentwicklung – IT-Consulting – Systemadministration;45.000–60.000 €;50000;70000;sehr hoch;zulassungsfrei;sehr stark;wenig
Wirtschaftsinformatik (B.Sc.)/ Business Information Systems (B.Sc.);Softwareentwickler/in;IT-Consultant;Business Analyst (IT);Projektmanager/in IT-Projekte;Datenbankadministrator/in;Teils;Wenig;Teils;Sehr stark;Stark;Teils;Sehr stark;Stark;Teils;Wenig;Softwareentwicklung – IT-Consulting – Systemadministration;45.000–60.000 €;50000;70000;sehr hoch;zulassungsfrei;sehr stark;wenig
Wirtschaftsinformatik (Fernstudium);Softwareentwickler/in;IT-Consultant;Business Analyst (IT);Projektmanager/in IT-Projekte;Datenbankadministrator/in;Teils;Wenig;Teils;Sehr stark;Stark;Teils;Sehr stark;Stark;Teils;Wenig;Softwareentwicklung – IT-Consulting – Systemadministration;45.000–60.000 €;50000;70000;sehr hoch;zulassungsfrei;sehr stark;wenig
Wirtschaftsinformatik (online);Softwareentwickler/in;IT-Consultant;Business Analyst (IT);Projektmanager/in IT-Projekte;Datenbankadministrator/in;Teils;Wenig;Teils;Sehr stark;Stark;Teils;Sehr stark;Stark;Teils;Wenig;Softwareentwicklung – IT-Consulting – Systemadministration;45.000–60.000 €;50000;70000;sehr hoch;zulassungsfrei;sehr stark;wenig
Wirtschaftsinformatik (Vollzeitstudium);Softwareentwickler/in;IT-Consultant;Business Analyst (IT);Projektmanager/in IT-Projekte;Datenbankadministrator/in;Teils;Wenig;Teils;Sehr stark;Stark;Teils;Sehr stark;Stark;Teils;Wenig;Softwareentwicklung – IT-Consulting – Systemadministration;45.000–60.000 €;50000;70000;sehr hoch;zulassungsfrei;sehr stark;wenig
Wirtschaftsinformatik/ Business Information Systems;Softwareentwickler/in;IT-Consultant;Business Analyst (IT);Projektmanager/in IT-Projekte;Datenbankadministrator/in;Teils;Wenig;Teils;Sehr stark;Stark;Teils;Sehr stark;Stark;Teils;Wenig;Softwareentwicklung – IT-Consulting – Systemadministration;45.000–60.000 €;50000;70000;sehr hoch;zulassungsfrei;sehr stark;wenig
Wirtschaftsinformatik/ Business Information Systems;Softwareentwickler/in;IT-Consultant;Business Analyst (IT);Projektmanager/in IT-Projekte;Datenbankadministrator/in;Teils;Wenig;Teils;Sehr stark;Stark;Teils;Sehr stark;Stark;Teils;Wenig;Softwareentwicklung – IT-Consulting – Systemadministration;45.000–60.000 €;50000;70000;sehr hoch;zulassungsfrei;sehr stark;wenig
Wirtschaftsingenieur/ -in Eisenbahnwesen;Verkehrsingenieur/in (Bahn);Logistikmanager/in (Schiene);Projektmanager/in Bahntechnik;Controlling-Spezialist/in (Bahnunternehmen);Unternehmensberater/in (Rail Consulting);Teils;Wenig;Teils;Sehr stark;Stark;Teils;Sehr stark;Stark;Teils;Wenig;Controlling – Marketing – Unternehmensberatung;52.000–65.000 €;58000;75000;mittel;2,3;wenig;wenig
Wirtschaftspsychologie;Personalreferent/in;Personal- und Organisationsentwickler/in;Personalberater/in (Consultant);Marktforscher/in;Headhunter/in (Recruiter);Teils;Wenig;Teils;Sehr stark;Stark;Teils;Sehr stark;Stark;Teils;Wenig;Klinische Psychologie – Arbeitspsychologie – Forschung;40.000–52.000 €;45000;60000;mittel-hoch;1,3;wenig;wenig
Wirtschaftspsychologie & Beratung;Personalreferent/in;Personal- und Organisationsentwickler/in;Personalberater/in (Consultant);Marktforscher/in;Headhunter/in (Recruiter);Teils;Wenig;Teils;Sehr stark;Stark;Teils;Sehr stark;Stark;Teils;Wenig;Klinische Psychologie – Arbeitspsychologie – Forschung;40.000–52.000 €;45000;60000;mittel-hoch;1,3;wenig;wenig
Wirtschaftspsychologie (B.A.);Personalreferent/in;Personal- und Organisationsentwickler/in;Personalberater/in (Consultant);Marktforscher/in;Headhunter/in (Recruiter);Teils;Wenig;Teils;Sehr stark;Stark;Teils;Sehr stark;Stark;Teils;Wenig;Klinische Psychologie – Arbeitspsychologie – Forschung;40.000–52.000 €;45000;60000;mittel-hoch;1,3;wenig;wenig
Wirtschaftspsychologie (Business Psychology);Personalreferent/in;Personal- und Organisationsentwickler/in;Personalberater/in (Consultant);Marktforscher/in;Headhunter/in (Recruiter);Teils;Wenig;Teils;Sehr stark;Stark;Teils;Sehr stark;Stark;Teils;Wenig;Klinische Psychologie – Arbeitspsychologie – Forschung;40.000–52.000 €;45000;60000;mittel-hoch;1,3;wenig;wenig
Wirtschaftspsychologie (Fernstudium);Personalreferent/in;Personal- und Organisationsentwickler/in;Personalberater/in (Consultant);Marktforscher/in;Headhunter/in (Recruiter);Teils;Wenig;Teils;Sehr stark;Stark;Teils;Sehr stark;Stark;Teils;Wenig;Klinische Psychologie – Arbeitspsychologie – Forschung;40.000–52.000 €;45000;60000;mittel-hoch;1,3;wenig;wenig
Wirtschaftspsychologie (ISBA);Personalreferent/in;Personal- und Organisationsentwickler/in;Personalberater/in (Consultant);Marktforscher/in;Headhunter/in (Recruiter);Teils;Wenig;Teils;Sehr stark;Stark;Teils;Sehr stark;Stark;Teils;Wenig;Klinische Psychologie – Arbeitspsychologie – Forschung;40.000–52.000 €;45000;60000;mittel-hoch;1,3;wenig;wenig
Wirtschaftspsychologie (online);Personalreferent/in;Personal- und Organisationsentwickler/in;Personalberater/in (Consultant);Marktforscher/in;Headhunter/in (Recruiter);Teils;Wenig;Teils;Sehr stark;Stark;Teils;Sehr stark;Stark;Teils;Wenig;Klinische Psychologie – Arbeitspsychologie – Forschung;40.000–52.000 €;45000;60000;mittel-hoch;1,3;wenig;wenig
Wirtschaftspsychologie (Schwerpunkt Personal- und Organisationsentwicklung);Personalreferent/in;Personal- und Organisationsentwickler/in;Personalberater/in (Consultant);Marktforscher/in;Headhunter/in (Recruiter);Teils;Wenig;Teils;Sehr stark;Stark;Teils;Sehr stark;Stark;Teils;Wenig;Klinische Psychologie – Arbeitspsychologie – Forschung;40.000–52.000 €;45000;60000;mittel-hoch;1,3;teils;wenig
Wirtschaftspsychologie (Studium mit vertiefter Praxis);Personalreferent/in;Personal- und Organisationsentwickler/in;Personalberater/in (Consultant);Marktforscher/in;Headhunter/in (Recruiter);Teils;Wenig;Teils;Sehr stark;Stark;Teils;Sehr stark;Stark;Teils;Wenig;Softwareentwicklung – IT-Consulting – Systemadministration;40.000–52.000 €;45000;60000;sehr hoch;zulassungsfrei;stark;wenig
Wirtschaftspsychologie (Vollzeitstudium);Personalreferent/in;Personal- und Organisationsentwickler/in;Personalberater/in (Consultant);Marktforscher/in;Headhunter/in (Recruiter);Teils;Wenig;Teils;Sehr stark;Stark;Teils;Sehr stark;Stark;Teils;Wenig;Softwareentwicklung – IT-Consulting – Systemadministration;40.000–52.000 €;45000;60000;sehr hoch;zulassungsfrei;stark;wenig
Wirtschaftspsychologie (WING);Personalreferent/in;Personal- und Organisationsentwickler/in;Personalberater/in (Consultant);Marktforscher/in;Headhunter/in (Recruiter);Teils;Wenig;Teils;Sehr stark;Stark;Teils;Sehr stark;Stark;Teils;Wenig;Klinische Psychologie – Arbeitspsychologie – Forschung;40.000–52.000 €;45000;60000;mittel-hoch;1,3;wenig;wenig
Wirtschaftspsychologie mit Schwerpunkt Personal- und Organisationsentwicklung (B.A.);Personalreferent/in;Personal- und Organisationsentwickler/in;Personalberater/in (Consultant);Marktforscher/in;Headhunter/in (Recruiter);Teils;Wenig;Teils;Sehr stark;Stark;Teils;Sehr stark;Stark;Teils;Wenig;Softwareentwicklung – IT-Consulting – Systemadministration;40.000–52.000 €;45000;60000;sehr hoch;zulassungsfrei;stark;wenig
Wirtschaftspsychologie und -beratung;Personalreferent/in;Personal- und Organisationsentwickler/in;Personalberater/in (Consultant);Marktforscher/in;Headhunter/in (Recruiter);Teils;Wenig;Teils;Sehr stark;Stark;Teils;Sehr stark;Stark;Teils;Wenig;Klinische Psychologie – Arbeitspsychologie – Forschung;40.000–52.000 €;45000;60000;mittel-hoch;1,3;wenig;wenig
Wirtschaftspsychologie und Beratung (B.A.);Personalreferent/in;Personal- und Organisationsentwickler/in;Personalberater/in (Consultant);Marktforscher/in;Headhunter/in (Recruiter);Teils;Wenig;Teils;Sehr stark;Stark;Teils;Sehr stark;Stark;Teils;Wenig;Klinische Psychologie – Arbeitspsychologie – Forschung;40.000–52.000 €;45000;60000;mittel-hoch;1,3;wenig;wenig
